State County Code,PCP
01001,50.76
01003,58.19
01005,40.42
01007,44.56
01009,35.78
01011,40.89
01013,49.7
01015,33.76
01017,41.36
01019,36.8
01021,46.64
01023,44.89
01025,49.79
01027,40.91
01029,34.17
01031,48.33
01033,44.01
01035,52.04
01037,44.72
01039,49.99
01041,46.69
01043,41.18
01045,47.5
01047,48.5
01049,41.74
01051,44.9
01053,51.88
01055,37.68
01057,42.77
01059,46.08
01061,55.59
01063,42.13
01065,42.28
01067,44.58
01069,55.15
01071,41.9
01073,38.78
01075,43.99
01077,44.11
01079,44.38
01081,41.43
01083,44.89
01085,46.04
01087,41.47
01089,47.63
01091,46.72
01093,47.24
01095,39.46
01097,58.68
01099,50.64
01101,43.87
01103,42.58
01105,47.03
01107,44.29
01109,43.38
01111,38.63
01113,37.59
01115,35.4
01117,39.33
01119,41.34
01121,38.68
01123,42.38
01125,41.1
01127,41.43
01129,51.08
01131,46.38
01133,44.85
04001,11.87
04003,15.75
04005,14.23
04007,17.93
04009,17.33
04011,16.59
04012,5.39
04013,7.66
04015,12.64
04017,10.88
04019,10.82
04021,10.21
04023,19.18
04025,16.68
04027,3.42
05001,48.12
05003,63.52
05005,45.76
05007,35.11
05009,38.96
05011,57.05
05013,56.65
05015,37.51
05017,62.17
05019,55.71
05021,52.28
05023,48.37
05025,55.71
05027,60.81
05029,46.2
05031,55.54
05033,36.56
05035,57.91
05037,53.59
05039,56.99
05041,56.85
05043,59.65
05045,46.49
05047,37.97
05049,48.7
05051,52.77
05053,60.06
05055,55.06
05057,57.63
05059,56.78
05061,54.15
05063,48.42
05065,45.41
05067,48.76
05069,53.83
05071,40.04
05073,63.84
05075,55.2
05077,54.03
05079,55.68
05081,53.99
05083,39.63
05085,49.37
05087,38.07
05089,43.01
05091,57.11
05093,50.49
05095,47.78
05097,55.41
05099,59.37
05101,41.9
05103,57.14
05105,42.04
05107,49.96
05109,56.17
05111,53.87
05113,48.99
05115,44.22
05117,47.6
05119,53.27
05121,55.32
05123,53.78
05125,54.95
05127,44.43
05129,45.7
05131,41.52
05133,52.86
05135,48.8
05137,45.15
05139,60.06
05141,46.8
05143,36.32
05145,46.75
05147,45.19
05149,41.24
06001,22.55
06003,39.63
06005,41.01
06007,55.96
06009,40.49
06011,25.49
06013,22.55
06015,97.59
06017,53.14
06019,19.6
06021,29.61
06023,79.86
06025,3.06
06027,4.91
06029,9.21
06031,7.61
06033,55.34
06035,23.63
06037,12.59
06039,24.08
06041,40.81
06043,34.7
06045,65.92
06047,14.46
06049,19.17
06051,15.22
06053,20.86
06055,36.01
06057,65.78
06059,10.92
06061,57.28
06063,52.75
06065,8.04
06067,22.67
06069,17.65
06071,6.6
06073,13.17
06075,28.85
06077,18.33
06079,16.06
06081,33.08
06083,15.99
06085,29.64
06087,40.44
06089,57.21
06091,60.57
06093,48.93
06095,22.86
06097,49.56
06099,18.04
06101,21.39
06103,47.99
06105,74.92
06107,19.73
06109,45.14
06111,16.14
06113,22.92
06115,46.73
08001,14.89
08003,11.15
08005,15.54
08007,20.92
08009,14.52
08011,13.63
08013,17.78
08014,12.22
08015,15.1
08017,13.78
08019,24.34
08021,16.44
08023,16.96
08025,13.1
08027,17.96
08029,16.55
08031,12.26
08033,21.37
08035,15.56
08037,21.92
08039,15.42
08041,15.11
08043,12.88
08045,20.72
08047,21.0
08049,21.16
08051,20.66
08053,26.54
08055,15.62
08057,23.02
08059,15.74
08061,14.07
08063,16.56
08065,23.36
08067,21.32
08069,18.0
08071,14.53
08073,12.07
08075,15.27
08077,16.76
08079,24.31
08081,16.12
08083,16.76
08085,13.08
08087,18.29
08089,14.33
08091,20.13
08093,16.04
08095,18.03
08097,27.6
08099,14.88
08101,13.0
08103,18.38
08105,13.63
08107,24.33
08109,15.12
08111,35.9
08113,17.47
08115,17.57
08117,24.84
08119,18.43
08121,16.87
08123,13.85
08125,17.5
09001,37.61
09003,34.56
09005,36.49
09007,34.14
09009,35.71
09011,38.12
09013,37.73
09015,39.9
10001,41.71
10003,40.42
10005,50.63
12001,46.39
12003,45.27
12005,63.98
12007,43.58
12009,56.28
12011,52.77
12013,59.05
12015,59.51
12017,52.07
12019,41.76
12021,56.92
12023,48.0
12027,58.48
12029,60.94
12031,40.36
12033,57.47
12035,44.06
12037,52.4
12039,56.13
12041,55.14
12043,57.17
12045,56.16
12047,47.61
12049,55.32
12051,55.03
12053,50.63
12055,57.73
12057,56.94
12059,58.86
12061,61.53
12063,56.72
12065,59.78
12067,56.1
12069,46.6
12071,58.72
12073,58.5
12075,50.34
12077,56.46
12079,53.48
12081,58.52
12083,46.92
12085,52.22
12086,54.14
12087,47.8
12089,41.96
12091,56.51
12093,57.87
12095,51.26
12097,54.87
12099,50.68
12101,52.68
12103,53.76
12105,55.48
12107,43.41
12109,43.36
12111,59.98
12113,53.97
12115,57.47
12117,48.99
12119,47.85
12121,50.81
12123,56.83
12125,45.8
12127,45.41
12129,57.23
12131,59.71
12133,61.88
13001,46.92
13003,46.07
13005,46.07
13007,54.41
13009,31.87
13011,30.84
13013,34.35
13015,32.39
13017,44.63
13019,47.79
13021,33.86
13023,36.55
13025,46.14
13027,54.85
13029,53.97
13031,48.68
13033,40.95
13035,33.94
13037,45.27
13039,43.73
13043,42.66
13045,40.39
13047,35.24
13049,43.96
13051,54.69
13053,36.61
13055,37.38
13057,34.51
13059,35.61
13061,40.18
13063,36.7
13065,44.85
13067,35.34
13069,47.61
13071,53.4
13073,34.24
13075,50.42
13077,40.17
13079,35.64
13081,39.45
13083,38.78
13085,37.16
13087,56.1
13089,36.09
13091,37.61
13093,38.17
13095,49.03
13097,39.03
13099,49.22
13101,47.0
13103,54.42
13105,28.25
13107,38.94
13109,49.81
13111,40.19
13113,36.9
13115,33.86
13117,33.33
13119,28.56
13121,36.82
13123,39.93
13125,33.41
13127,43.98
13129,32.99
13131,58.63
13133,32.52
13135,33.92
13137,37.25
13139,34.2
13141,31.74
13143,37.09
13145,38.5
13147,27.46
13149,40.63
13151,35.57
13153,36.16
13155,46.01
13157,32.49
13159,33.63
13161,44.49
13163,36.13
13165,42.27
13167,35.17
13169,32.91
13171,36.46
13173,48.24
13175,35.38
13177,42.76
13179,52.34
13181,31.05
13183,51.82
13185,51.08
13187,39.69
13189,32.73
13191,44.12
13193,37.09
13195,31.31
13197,37.22
13199,38.58
13201,55.58
13205,55.97
13207,34.51
13209,37.46
13211,35.23
13213,37.28
13215,36.98
13217,34.48
13219,36.81
13221,32.98
13223,34.7
13225,35.39
13227,36.89
13229,46.14
13231,37.84
13233,33.99
13235,37.95
13237,32.57
13239,38.67
13241,42.38
13243,39.41
13245,38.42
13247,35.37
13249,37.51
13251,47.62
13253,55.47
13255,35.78
13257,32.4
13259,37.3
13261,38.48
13263,37.43
13265,30.89
13267,48.7
13269,36.73
13271,42.06
13273,41.34
13275,58.56
13277,46.64
13279,41.73
13281,41.8
13283,36.45
13285,39.91
13287,42.57
13289,34.51
13291,40.74
13293,38.23
13295,36.74
13297,35.88
13299,44.21
13301,31.83
13303,33.5
13305,48.71
13307,37.47
13309,37.96
13311,39.68
13313,35.22
13315,39.23
13317,30.59
13319,33.09
13321,46.62
16001,9.27
16003,29.41
16005,23.3
16007,27.98
16009,35.52
16011,16.94
16013,20.07
16015,27.67
16017,41.59
16019,24.64
16021,45.61
16023,15.87
16025,22.05
16027,7.72
16029,27.32
16031,21.16
16033,18.83
16035,46.68
16037,24.14
16039,17.22
16041,28.15
16043,22.57
16045,16.66
16047,11.07
16049,35.97
16051,10.85
16053,12.36
16055,37.3
16057,34.4
16059,19.85
16061,26.52
16063,12.64
16065,17.09
16067,12.62
16069,24.67
16071,25.45
16073,11.1
16075,10.88
16077,21.6
16079,52.22
16081,28.45
16083,14.44
16085,32.83
16087,18.21
17001,30.93
17003,50.87
17005,41.56
17007,34.69
17009,27.72
17011,38.43
17013,31.77
17015,37.22
17017,31.67
17019,39.97
17021,37.65
17023,42.42
17025,45.26
17027,40.2
17029,37.83
17031,37.21
17033,44.22
17035,41.32
17037,37.72
17039,38.46
17041,38.1
17043,38.17
17045,40.18
17047,46.16
17049,43.64
17051,42.04
17053,41.82
17055,50.88
17057,35.84
17059,51.1
17061,34.41
17063,40.92
17065,50.29
17067,31.91
17069,54.12
17071,34.58
17073,40.02
17075,38.23
17077,48.05
17079,45.89
17081,46.74
17083,37.08
17085,39.39
17087,51.37
17089,37.48
17091,44.07
17093,39.21
17095,35.86
17097,33.14
17099,40.03
17101,45.57
17103,40.67
17105,41.2
17107,37.57
17109,33.16
17111,32.98
17113,40.09
17115,35.57
17117,38.08
17119,42.04
17121,42.18
17123,39.3
17125,35.63
17127,50.44
17129,33.81
17131,37.16
17133,43.53
17135,38.37
17137,32.41
17139,37.29
17141,39.63
17143,36.86
17145,44.12
17147,37.76
17149,27.87
17151,53.46
17153,51.76
17155,38.72
17157,39.03
17159,43.14
17161,38.66
17163,39.84
17165,53.42
17167,36.76
17169,31.91
17171,30.39
17173,41.43
17175,35.51
17177,38.08
17179,37.97
17181,51.75
17183,40.7
17185,43.71
17187,35.67
17189,44.14
17191,46.0
17193,49.8
17195,42.9
17197,40.6
17199,52.97
17201,36.64
17203,38.21
18001,36.11
18003,35.96
18005,52.13
18007,39.17
18009,36.64
18011,41.55
18013,54.29
18015,37.62
18017,36.99
18019,46.76
18021,43.99
18023,40.27
18025,47.59
18027,51.24
18029,45.09
18031,48.29
18033,34.12
18035,40.9
18037,48.1
18039,38.55
18041,45.52
18043,47.9
18045,41.56
18047,45.42
18049,39.04
18051,43.18
18053,38.06
18055,50.77
18057,45.18
18059,44.62
18061,48.18
18063,42.08
18065,42.33
18067,36.72
18069,40.09
18071,51.18
18073,44.59
18075,37.51
18077,45.89
18079,48.73
18081,48.01
18083,47.13
18085,36.0
18087,36.83
18089,41.2
18091,42.83
18093,50.76
18095,42.75
18097,46.96
18099,41.43
18101,52.04
18103,36.96
18105,51.67
18107,39.5
18109,45.43
18111,42.42
18113,35.49
18115,47.02
18117,47.02
18119,49.0
18121,41.67
18123,48.32
18125,47.27
18127,40.8
18129,45.75
18131,45.13
18133,43.04
18135,39.19
18137,47.27
18139,46.02
18141,45.21
18143,45.84
18145,46.63
18147,48.47
18149,45.7
18151,35.83
18153,44.93
18155,47.6
18157,38.53
18159,38.92
18161,44.43
18163,46.29
18165,42.07
18167,41.3
18169,39.12
18171,38.81
18173,46.49
18175,46.92
18177,42.53
18179,37.48
18181,40.8
18183,37.55
19001,37.06
19003,39.07
19005,52.89
19007,28.26
19009,38.6
19011,39.39
19013,41.65
19015,39.27
19017,45.67
19019,42.25
19021,37.18
19023,45.18
19025,35.67
19027,36.29
19029,38.19
19031,39.17
19033,46.61
19035,36.83
19037,52.52
19039,31.87
19041,41.21
19043,44.83
19045,40.72
19047,35.03
19049,35.49
19051,29.98
19053,30.21
19055,42.1
19057,35.94
19059,39.66
19061,42.76
19063,35.39
19065,45.27
19067,52.83
19069,42.95
19071,40.84
19073,38.04
19075,37.96
19077,36.38
19079,38.15
19081,43.66
19083,37.96
19085,35.53
19087,33.3
19089,53.78
19091,34.69
19093,34.87
19095,35.67
19097,39.95
19099,34.34
19101,31.74
19103,36.7
19105,41.83
19107,31.37
19109,38.47
19111,31.86
19113,41.83
19115,36.93
19117,29.73
19119,34.32
19121,33.01
19123,30.77
19125,32.7
19127,36.05
19129,39.87
19131,51.65
19133,32.17
19135,26.45
19137,42.62
19139,35.36
19141,38.87
19143,38.66
19145,42.83
19147,37.46
19149,33.34
19151,36.02
19153,36.3
19155,37.11
19157,35.17
19159,36.04
19161,34.66
19163,40.71
19165,37.14
19167,34.43
19169,38.89
19171,35.18
19173,41.84
19175,35.49
19177,30.26
19179,27.13
19181,33.91
19183,32.26
19185,29.02
19187,38.47
19189,45.82
19191,54.87
19193,32.21
19195,48.36
19197,38.35
20001,44.62
20003,38.58
20005,38.87
20007,29.13
20009,26.38
20011,38.31
20013,40.28
20015,43.72
20017,41.99
20019,40.03
20021,41.33
20023,20.05
20025,24.2
20027,35.84
20029,33.84
20031,40.89
20033,25.19
20035,41.62
20037,40.68
20039,22.48
20041,35.92
20043,42.47
20045,39.35
20047,25.7
20049,43.48
20051,27.36
20053,32.52
20055,18.17
20057,24.37
20059,38.06
20061,36.94
20063,18.78
20065,25.71
20067,18.39
20069,24.09
20071,20.08
20073,45.88
20075,17.96
20077,30.06
20079,39.76
20081,22.24
20083,25.37
20085,42.13
20087,42.29
20089,30.77
20091,39.83
20093,18.67
20095,36.19
20097,25.2
20099,41.08
20101,19.22
20103,42.51
20105,32.16
20107,38.22
20109,19.03
20111,41.57
20113,35.82
20115,38.72
20117,32.22
20119,23.06
20121,39.17
20123,30.89
20125,39.54
20127,37.33
20129,15.86
20131,36.51
20133,40.13
20135,24.22
20137,23.13
20139,39.07
20141,32.67
20143,33.87
20145,28.72
20147,25.54
20149,38.37
20151,27.46
20153,19.78
20155,35.25
20157,30.92
20159,33.1
20161,36.4
20163,27.38
20165,25.93
20167,30.78
20169,30.97
20171,16.64
20173,43.63
20175,20.2
20177,42.1
20179,21.79
20181,18.8
20183,28.84
20185,26.21
20187,17.01
20189,17.88
20191,37.98
20193,18.18
20195,22.4
20197,39.91
20199,20.46
20201,30.29
20203,19.11
20205,42.87
20207,46.22
20209,40.67
21001,53.41
21003,52.54
21005,49.58
21007,51.74
21009,51.61
21011,44.56
21013,50.93
21015,45.94
21017,41.95
21019,43.6
21021,45.6
21023,42.55
21025,50.28
21027,50.21
21029,47.47
21031,53.14
21033,55.08
21035,50.55
21037,45.21
21039,50.91
21041,47.1
21043,40.49
21045,50.36
21047,55.75
21049,45.22
21051,49.27
21053,51.91
21055,54.49
21057,52.26
21059,49.81
21061,53.47
21063,42.95
21065,49.32
21067,45.02
21069,42.94
21071,44.99
21073,47.92
21075,47.47
21077,48.66
21079,47.61
21081,47.45
21083,49.09
21085,53.99
21087,47.7
21089,36.03
21091,49.33
21093,45.03
21095,51.61
21097,42.48
21099,49.92
21101,48.42
21103,48.28
21105,48.56
21107,58.08
21109,48.32
21111,47.99
21113,47.5
21115,44.06
21117,45.74
21119,49.26
21121,50.71
21123,45.51
21125,48.02
21127,45.29
21129,49.56
21131,51.89
21133,46.85
21135,40.82
21137,47.24
21139,54.32
21141,55.91
21143,55.08
21145,50.37
21147,48.15
21149,51.89
21151,47.53
21153,46.74
21155,49.36
21157,51.6
21159,46.39
21161,42.44
21163,46.39
21165,47.39
21167,48.57
21169,50.98
21171,51.79
21173,45.23
21175,45.31
21177,53.79
21179,48.79
21181,41.97
21183,52.49
21185,48.36
21187,48.58
21189,48.67
21191,45.14
21193,51.02
21195,47.48
21197,49.66
21199,49.32
21201,41.74
21203,48.38
21205,43.62
21207,55.51
21209,44.85
21211,49.99
21213,53.89
21215,50.14
21217,49.85
21219,55.77
21221,56.05
21223,45.21
21225,50.74
21227,51.68
21229,50.07
21231,50.57
21233,55.88
21235,49.59
21237,49.39
21239,47.5
22001,75.97
22003,58.8
22005,82.06
22007,75.08
22009,57.78
22011,59.91
22013,65.57
22015,62.97
22017,60.67
22019,71.47
22021,61.21
22023,76.13
22025,55.09
22027,64.09
22029,53.74
22031,59.9
22033,78.69
22035,58.71
22037,75.81
22039,60.94
22041,56.89
22043,61.42
22045,80.51
22047,74.23
22049,68.08
22051,65.33
22053,71.56
22055,81.52
22057,71.07
22059,57.2
22061,67.43
22063,82.07
22065,61.21
22067,66.29
22069,59.68
22071,64.85
22073,70.32
22075,64.2
22077,71.11
22079,63.1
22081,62.24
22083,67.04
22085,55.88
22087,61.94
22089,67.5
22091,79.0
22093,72.96
22095,69.49
22097,75.23
22099,77.45
22101,76.59
22103,65.6
22105,81.1
22107,54.91
22109,70.75
22111,64.68
22113,82.12
22115,57.55
22117,75.63
22119,64.97
22121,74.97
22123,61.81
22125,72.75
22127,62.41
23001,42.54
23003,41.18
23005,43.67
23007,42.44
23009,42.85
23011,39.62
23013,46.64
23015,43.01
23017,41.91
23019,38.37
23021,41.26
23023,43.35
23025,41.06
23027,42.67
23029,42.5
23031,40.87
24001,36.12
24003,37.95
24005,42.46
24009,40.72
24011,42.45
24013,40.14
24015,38.07
24017,41.53
24019,43.79
24021,39.25
24023,45.05
24025,37.88
24027,42.28
24029,36.88
24031,39.04
24033,37.33
24035,38.08
24037,40.75
24039,53.88
24041,40.37
24043,33.16
24045,52.72
24047,55.64
24510,42.13
24511,35.15
25001,39.31
25003,36.94
25005,38.2
25007,41.42
25009,35.15
25011,36.62
25013,35.37
25015,35.53
25017,34.98
25019,44.01
25021,37.18
25023,36.54
25025,35.94
25027,37.72
26001,30.7
26003,40.89
26005,39.12
26007,30.02
26009,34.94
26011,32.88
26013,40.02
26015,41.34
26017,33.39
26019,30.13
26021,42.03
26023,38.19
26025,37.96
26027,42.82
26029,35.26
26031,31.98
26033,35.8
26035,33.81
26037,36.16
26039,33.22
26041,34.22
26043,31.61
26045,39.65
26047,32.96
26049,34.41
26051,33.24
26053,42.67
26055,30.64
26057,35.49
26059,37.68
26061,36.27
26063,32.89
26065,37.28
26067,39.44
26069,32.68
26071,37.07
26073,34.11
26075,37.61
26077,38.81
26079,34.41
26081,40.66
26083,36.57
26085,34.7
26087,34.54
26089,30.44
26091,33.69
26093,34.63
26095,38.63
26097,36.3
26099,35.64
26101,32.01
26103,37.78
26105,32.8
26107,36.69
26109,31.17
26111,33.36
26113,33.67
26115,33.23
26117,37.67
26119,29.77
26121,39.53
26123,37.64
26125,33.71
26127,36.94
26129,33.44
26131,38.86
26133,34.61
26135,31.08
26137,32.29
26139,38.46
26141,32.1
26143,34.53
26145,35.1
26147,34.63
26149,39.94
26151,33.61
26153,40.81
26155,35.81
26157,34.74
26159,40.09
26161,33.56
26163,35.59
26165,33.43
27001,35.13
27003,37.62
27005,28.69
27007,24.22
27009,34.09
27011,26.23
27013,46.65
27015,42.43
27017,35.46
27019,36.96
27021,28.8
27023,34.25
27025,36.46
27027,27.4
27029,23.0
27031,37.49
27033,39.74
27035,35.2
27037,38.15
27039,46.45
27041,27.33
27043,42.8
27045,48.59
27047,47.42
27049,44.15
27051,25.46
27053,38.58
27055,48.57
27057,26.32
27059,37.43
27061,30.18
27063,38.37
27065,38.72
27067,33.36
27069,28.59
27071,30.2
27073,31.7
27075,35.12
27077,28.37
27079,43.75
27081,30.43
27083,31.81
27085,33.1
27087,27.48
27089,27.48
27091,40.74
27093,31.33
27095,35.96
27097,34.39
27099,47.57
27101,34.14
27103,40.99
27105,36.51
27107,28.26
27109,44.64
27111,29.87
27113,25.23
27115,37.66
27117,31.81
27119,27.7
27121,29.63
27123,40.35
27125,25.64
27127,36.9
27129,35.54
27131,45.49
27133,31.59
27135,28.78
27137,33.61
27139,37.51
27141,33.58
27143,35.86
27145,32.5
27147,48.73
27149,27.01
27151,30.86
27153,31.09
27155,24.22
27157,44.39
27159,30.47
27161,48.4
27163,39.15
27165,48.36
27167,26.87
27169,46.7
27171,34.52
27173,32.37
28001,55.11
28003,47.02
28005,71.28
28007,46.12
28009,46.19
28011,58.12
28013,45.35
28015,46.63
28017,43.39
28019,45.63
28021,54.93
28023,45.77
28025,47.1
28027,52.24
28029,53.83
28031,52.92
28033,59.98
28035,62.99
28037,66.31
28039,59.24
28041,55.55
28043,46.97
28045,68.3
28047,70.37
28049,54.34
28051,46.54
28053,47.14
28055,54.51
28057,45.84
28059,64.91
28061,52.61
28063,58.34
28065,54.64
28067,57.09
28069,39.96
28071,47.22
28073,59.93
28075,41.68
28077,52.93
28079,50.81
28081,43.34
28083,51.63
28085,59.83
28087,44.79
28089,50.63
28091,60.39
28093,50.71
28095,44.65
28097,45.14
28099,47.84
28101,49.7
28103,41.26
28105,46.7
28107,50.37
28109,66.42
28111,63.52
28113,69.84
28115,43.43
28117,47.06
28119,52.7
28121,58.01
28123,55.04
28125,48.64
28127,54.63
28129,53.64
28131,66.52
28133,56.1
28135,51.49
28137,55.93
28139,46.54
28141,46.99
28143,53.34
28145,45.35
28147,70.06
28149,56.44
28151,57.2
28153,54.26
28155,46.03
28157,68.32
28159,45.2
28161,47.19
28163,48.62
29001,32.62
29003,41.5
29005,37.48
29007,35.77
29009,32.74
29011,39.46
29013,39.17
29015,37.47
29017,51.27
29019,38.13
29021,44.37
29023,53.59
29025,37.39
29027,38.67
29029,36.09
29031,49.36
29033,39.19
29035,47.53
29037,35.31
29039,37.45
29041,34.25
29043,37.98
29045,30.83
29047,44.97
29049,44.13
29051,37.85
29053,37.13
29055,40.89
29057,37.08
29059,40.28
29061,36.05
29063,41.45
29065,42.36
29067,38.84
29069,48.35
29071,39.28
29073,39.15
29075,40.72
29077,36.74
29079,33.61
29081,36.36
29083,37.69
29085,36.42
29087,40.45
29089,36.51
29091,43.22
29093,45.43
29095,38.54
29097,37.87
29099,44.41
29101,39.41
29103,33.8
29105,37.08
29107,40.44
29109,34.65
29111,32.82
29113,33.04
29115,33.26
29117,35.64
29119,36.27
29121,35.64
29123,45.6
29125,39.13
29127,32.5
29129,29.54
29131,35.62
29133,48.18
29135,36.81
29137,35.77
29139,36.24
29141,36.07
29143,46.33
29145,36.55
29147,37.31
29149,47.81
29151,40.33
29153,41.62
29155,47.04
29157,43.95
29159,36.81
29161,38.3
29163,32.23
29165,46.19
29167,38.08
29169,36.69
29171,29.37
29173,31.99
29175,36.39
29177,39.33
29179,45.23
29181,51.86
29183,39.38
29185,37.93
29186,42.4
29187,43.36
29189,39.97
29195,39.59
29197,32.74
29199,32.99
29201,48.24
29203,43.96
29205,36.72
29207,49.8
29209,36.38
29211,30.0
29213,38.71
29215,41.41
29217,37.3
29219,38.45
29221,43.54
29223,51.98
29225,41.36
29227,39.88
29229,40.75
29510,41.41
30001,20.04
30003,19.15
30005,22.47
30007,16.71
30009,16.53
30011,13.86
30013,17.77
30015,18.66
30017,16.11
30019,19.32
30021,16.23
30023,19.33
30025,17.34
30027,21.18
30029,40.41
30031,23.47
30033,18.88
30035,25.34
30037,15.9
30039,20.89
30041,18.96
30043,16.13
30045,20.84
30047,27.81
30049,20.52
30051,16.33
30053,36.94
30055,17.09
30057,22.45
30059,21.76
30061,38.3
30063,30.07
30065,18.28
30067,24.74
30069,19.63
30071,21.38
30073,16.62
30075,16.29
30077,24.35
30079,15.77
30081,26.6
30083,16.11
30085,17.35
30087,18.49
30089,34.52
30091,18.16
30093,15.02
30095,17.36
30097,18.07
30099,16.93
30101,14.54
30103,19.53
30105,20.68
30107,16.04
30109,18.92
30111,16.21
31001,24.05
31003,30.71
31005,20.69
31007,19.09
31009,25.23
31011,28.76
31013,17.52
31015,30.2
31017,25.51
31019,24.66
31021,34.97
31023,34.2
31025,40.02
31027,31.36
31029,19.03
31031,24.14
31033,16.56
31035,24.18
31037,35.1
31039,34.27
31041,25.32
31043,32.13
31045,16.68
31047,25.05
31049,18.12
31051,31.75
31053,37.79
31055,40.51
31057,18.53
31059,26.5
31061,24.93
31063,22.46
31065,23.87
31067,30.46
31069,19.1
31071,29.39
31073,22.88
31075,22.62
31077,26.1
31079,24.97
31081,27.12
31083,26.09
31085,18.79
31087,19.14
31089,29.92
31091,24.31
31093,26.92
31095,26.62
31097,32.81
31099,22.71
31101,17.73
31103,24.89
31105,16.99
31107,31.05
31109,33.89
31111,23.56
31113,24.81
31115,27.25
31117,23.0
31119,30.24
31121,26.43
31123,17.63
31125,27.33
31127,34.46
31129,25.96
31131,37.86
31133,30.93
31135,19.66
31137,24.38
31139,28.38
31141,31.78
31143,30.38
31145,22.49
31147,34.02
31149,26.51
31151,30.06
31153,40.89
31155,38.78
31157,15.85
31159,31.7
31161,18.19
31163,26.18
31165,16.55
31167,33.24
31169,27.54
31171,25.93
31173,32.02
31175,29.74
31177,39.38
31179,31.79
31181,26.64
31183,28.07
31185,29.92
32001,6.15
32003,8.61
32005,17.12
32007,16.31
32009,4.36
32011,14.1
32013,11.34
32015,11.31
32017,11.87
32019,8.74
32021,7.11
32023,7.74
32027,9.55
32029,14.85
32031,13.87
32033,14.36
32510,17.99
33001,38.19
33003,43.51
33005,35.04
33007,43.43
33009,42.04
33011,35.28
33013,36.86
33015,36.2
33017,38.97
33019,35.26
34001,42.4
34003,38.42
34005,40.79
34007,39.98
34009,44.33
34011,40.47
34013,38.09
34015,39.45
34017,38.25
34019,37.94
34021,39.19
34023,38.93
34025,41.75
34027,38.02
34029,42.12
34031,35.42
34033,39.97
34035,39.01
34037,34.87
34039,38.02
34041,37.49
35001,9.86
35003,15.08
35005,11.08
35006,12.46
35007,15.06
35009,13.99
35011,10.62
35013,8.26
35015,14.46
35017,16.14
35019,14.0
35021,13.47
35023,12.35
35025,13.49
35027,12.38
35028,15.46
35029,9.97
35031,11.0
35033,18.93
35035,11.59
35037,13.21
35039,16.65
35041,13.77
35043,10.6
35045,9.79
35047,15.15
35049,12.29
35051,11.91
35053,10.58
35055,17.2
35057,14.43
35059,16.35
35061,8.56
36001,32.7
36003,37.41
36005,39.61
36007,37.27
36009,44.37
36011,38.78
36013,44.15
36015,31.2
36017,40.83
36019,31.97
36021,32.78
36023,39.0
36025,40.96
36027,34.87
36029,35.44
36031,39.1
36033,39.44
36035,41.68
36037,29.83
36039,35.16
36041,45.63
36043,48.07
36045,38.09
36047,38.62
36049,46.12
36051,30.36
36053,42.88
36055,29.6
36057,35.96
36059,36.13
36061,39.16
36063,27.58
36065,45.9
36067,41.92
36069,31.79
36071,36.53
36073,26.38
36075,44.0
36077,42.97
36079,37.9
36081,39.16
36083,35.21
36085,38.1
36087,38.78
36089,37.13
36091,37.51
36093,33.46
36095,33.94
36097,31.73
36099,32.63
36101,33.16
36103,34.33
36105,39.43
36107,33.68
36109,33.36
36111,40.55
36113,38.36
36115,34.46
36117,33.37
36119,37.03
36121,35.0
36123,29.79
37001,39.76
37003,33.93
37005,45.23
37007,46.45
37009,44.54
37011,42.48
37013,70.64
37015,65.85
37017,61.8
37019,61.71
37021,34.67
37023,36.77
37025,35.97
37027,38.99
37029,59.24
37031,73.3
37033,48.82
37035,32.88
37037,45.32
37039,37.44
37041,70.23
37043,41.13
37045,30.58
37047,62.47
37049,69.63
37051,57.22
37053,58.08
37055,56.29
37057,35.2
37059,34.87
37061,63.62
37063,49.23
37065,58.01
37067,36.33
37069,48.13
37071,32.3
37073,62.67
37075,44.49
37077,44.72
37079,64.16
37081,41.59
37083,55.9
37085,48.95
37087,37.83
37089,39.96
37091,63.97
37093,53.57
37095,68.88
37097,35.38
37099,41.16
37101,55.42
37103,68.06
37105,45.95
37107,66.37
37109,32.77
37111,38.91
37113,44.07
37115,34.12
37117,66.9
37119,33.48
37121,40.66
37123,41.35
37125,48.93
37127,53.48
37129,69.43
37131,59.8
37133,66.91
37135,47.99
37137,70.58
37139,60.57
37141,67.72
37143,65.48
37145,48.74
37147,66.73
37149,36.94
37151,41.6
37153,49.01
37155,55.67
37157,45.01
37159,33.97
37161,33.67
37163,58.76
37165,45.92
37167,35.11
37169,38.86
37171,42.45
37173,45.61
37175,47.51
37177,66.7
37179,31.25
37181,46.41
37183,52.16
37185,49.59
37187,72.59
37189,43.65
37191,60.53
37193,39.6
37195,58.27
37197,36.42
37199,41.28
38001,13.09
38003,26.53
38005,20.96
38007,16.98
38009,22.02
38011,14.6
38013,22.4
38015,21.31
38017,24.25
38019,27.28
38021,28.59
38023,18.39
38025,20.41
38027,21.62
38029,21.18
38031,22.2
38033,18.61
38035,28.02
38037,18.74
38039,25.82
38041,15.19
38043,23.96
38045,27.98
38047,26.59
38049,20.24
38051,24.29
38053,19.04
38055,19.34
38057,18.98
38059,19.24
38061,20.52
38063,27.1
38065,19.35
38067,30.26
38069,20.23
38071,25.48
38073,25.27
38075,22.12
38077,24.46
38079,22.88
38081,24.08
38083,20.59
38085,19.55
38087,15.08
38089,15.63
38091,26.39
38093,25.98
38095,22.85
38097,27.21
38099,29.79
38101,19.96
38103,19.29
38105,17.28
39001,43.02
39003,34.84
39005,34.95
39007,39.73
39009,36.56
39011,33.93
39013,42.39
39015,43.51
39017,41.6
39019,38.13
39021,37.72
39023,39.38
39025,44.73
39027,40.49
39029,39.43
39031,36.56
39033,35.71
39035,35.24
39037,36.97
39039,36.63
39041,39.03
39043,33.1
39045,38.73
39047,38.63
39049,39.01
39051,35.56
39053,38.72
39055,40.73
39057,40.51
39059,37.58
39061,42.86
39063,31.31
39065,31.56
39067,38.63
39069,35.91
39071,44.23
39073,37.92
39075,36.48
39077,33.93
39079,38.5
39081,40.13
39083,36.8
39085,38.34
39087,39.23
39089,38.91
39091,36.49
39093,33.93
39095,33.02
39097,38.96
39099,37.32
39101,32.59
39103,33.94
39105,39.04
39107,33.02
39109,36.29
39111,42.09
39113,39.3
39115,38.2
39117,37.86
39119,37.74
39121,37.98
39123,31.43
39125,34.76
39127,39.41
39129,37.56
39131,39.52
39133,36.58
39135,41.92
39137,33.8
39139,35.77
39141,38.55
39143,31.77
39145,36.79
39147,32.42
39149,32.88
39151,36.06
39153,33.0
39155,40.65
39157,36.61
39159,39.5
39161,33.47
39163,37.8
39165,41.26
39167,37.61
39169,34.61
39171,35.63
39173,32.98
39175,30.4
40001,35.39
40003,25.96
40005,36.93
40007,17.8
40009,25.3
40011,28.16
40013,38.49
40015,29.55
40017,27.51
40019,36.43
40021,32.82
40023,39.56
40025,17.69
40027,30.55
40029,38.12
40031,32.67
40033,36.41
40035,38.85
40037,29.37
40039,27.08
40041,35.22
40043,26.75
40045,20.55
40047,26.86
40049,35.22
40051,28.88
40053,27.04
40055,29.0
40057,28.8
40059,22.24
40061,34.09
40063,35.65
40065,32.65
40067,39.67
40069,36.8
40071,34.63
40073,27.29
40075,33.59
40077,38.06
40079,39.72
40081,29.45
40083,28.64
40085,38.63
40087,30.77
40089,49.87
40091,31.64
40093,26.28
40095,38.26
40097,31.31
40099,36.02
40101,31.16
40103,30.33
40105,36.33
40107,32.49
40109,26.44
40111,30.6
40113,32.82
40115,41.9
40117,30.99
40119,30.0
40121,37.8
40123,37.99
40125,33.7
40127,41.59
40129,23.95
40131,30.48
40133,34.37
40135,35.14
40137,37.31
40139,15.54
40141,36.01
40143,30.49
40145,30.02
40147,33.8
40149,29.15
40151,26.09
40153,23.82
41001,18.81
41003,70.56
41005,78.53
41007,104.76
41009,66.61
41011,79.47
41013,13.08
41015,102.13
41017,22.45
41019,62.29
41021,10.73
41023,18.75
41025,10.7
41027,60.85
41029,43.81
41031,18.23
41033,69.25
41035,29.41
41037,14.99
41039,70.94
41041,108.26
41043,75.68
41045,10.44
41047,71.21
41049,13.55
41051,69.09
41053,79.45
41055,12.44
41057,119.61
41059,20.89
41061,27.62
41063,25.7
41065,20.0
41067,65.5
41069,14.79
41071,72.69
42001,37.21
42003,39.14
42005,40.59
42007,39.66
42009,31.5
42011,38.0
42013,34.62
42015,34.55
42017,37.81
42019,40.69
42021,40.44
42023,38.37
42025,42.53
42027,35.31
42029,40.68
42031,41.43
42033,37.56
42035,36.36
42037,37.94
42039,45.69
42041,34.86
42043,36.93
42045,38.5
42047,41.18
42049,48.34
42051,45.71
42053,44.26
42055,34.14
42057,31.55
42059,44.14
42061,32.8
42063,42.02
42065,39.06
42067,32.5
42069,38.05
42071,38.39
42073,39.69
42075,36.88
42077,38.91
42079,37.84
42081,36.1
42083,45.12
42085,41.86
42087,32.33
42089,41.42
42091,37.28
42093,33.32
42095,38.0
42097,33.54
42099,34.57
42101,37.98
42103,37.01
42105,38.32
42107,41.75
42109,32.18
42111,43.42
42113,37.78
42115,40.45
42117,34.28
42119,32.11
42121,43.57
42123,47.95
42125,41.51
42127,39.79
42129,44.72
42131,36.71
42133,38.83
44001,40.04
44003,41.58
44005,39.09
44007,42.29
44009,40.53
45001,29.55
45003,40.68
45005,52.16
45007,29.52
45009,53.24
45011,47.52
45013,58.57
45015,56.85
45017,51.39
45019,55.49
45021,26.56
45023,35.22
45025,50.43
45027,59.15
45029,58.44
45031,53.93
45033,56.13
45035,55.42
45037,34.43
45039,38.98
45041,55.19
45043,57.51
45045,36.58
45047,31.27
45049,59.02
45051,57.63
45053,58.71
45055,38.97
45057,34.26
45059,29.19
45061,51.05
45063,41.07
45065,31.36
45067,60.66
45069,50.04
45071,34.39
45073,35.29
45075,52.63
45077,37.92
45079,43.76
45081,36.34
45083,32.12
45085,54.9
45087,32.38
45089,56.63
45091,31.0
46003,26.04
46005,21.98
46007,20.85
46009,33.37
46011,30.54
46013,23.0
46015,23.13
46017,21.06
46019,13.22
46021,20.92
46023,28.62
46025,23.83
46027,32.01
46029,25.8
46031,19.18
46033,16.48
46035,29.55
46037,22.84
46039,29.9
46041,19.41
46043,28.48
46045,20.0
46047,15.07
46049,19.04
46051,27.41
46053,26.21
46055,16.78
46057,26.87
46059,20.59
46061,27.47
46063,12.82
46065,19.16
46067,30.21
46069,19.14
46071,17.26
46073,23.82
46075,18.99
46077,26.64
46079,27.3
46081,18.49
46083,32.37
46085,20.13
46087,26.39
46089,23.09
46091,23.81
46093,15.05
46095,18.77
46097,26.26
46099,29.15
46101,31.08
46102,16.43
46103,15.75
46105,13.97
46107,20.81
46109,24.47
46111,27.06
46115,20.07
46117,18.34
46119,19.56
46121,23.87
46123,21.11
46125,29.29
46127,30.5
46129,21.33
46135,32.07
46137,17.62
47001,49.32
47003,46.48
47005,48.26
47007,46.27
47009,45.41
47011,40.96
47013,49.66
47015,46.49
47017,51.03
47019,41.4
47021,42.52
47023,48.56
47025,46.68
47027,50.19
47029,37.15
47031,48.89
47033,53.64
47035,48.73
47037,45.41
47039,47.32
47041,48.86
47043,40.99
47045,49.76
47047,55.33
47049,47.89
47051,49.02
47053,49.5
47055,45.27
47057,41.16
47059,38.29
47061,49.54
47063,37.2
47065,41.15
47067,43.26
47069,50.18
47071,41.95
47073,40.39
47075,56.35
47077,50.88
47079,49.09
47081,43.81
47083,45.45
47085,44.95
47087,50.95
47089,38.52
47091,44.72
47093,45.31
47095,47.9
47097,52.7
47099,46.58
47101,47.7
47103,54.4
47105,44.86
47107,43.06
47109,44.35
47111,53.62
47113,52.77
47115,44.69
47117,40.76
47119,41.63
47121,44.12
47123,41.07
47125,49.13
47127,52.87
47129,47.51
47131,47.87
47133,48.97
47135,45.68
47137,47.36
47139,40.64
47141,50.81
47143,45.65
47145,45.53
47147,51.85
47149,45.72
47151,48.47
47153,46.81
47155,42.58
47157,60.18
47159,50.1
47161,50.23
47163,38.66
47165,52.22
47167,56.39
47169,51.02
47171,41.48
47173,46.23
47175,49.02
47177,50.56
47179,38.27
47181,46.79
47183,46.3
47185,50.56
47187,42.86
47189,48.22
48001,46.07
48003,15.96
48005,51.24
48007,34.27
48009,39.03
48011,20.46
48013,34.31
48015,56.93
48017,20.11
48019,37.26
48021,49.6
48023,31.63
48025,29.15
48027,42.08
48029,45.17
48031,37.26
48033,22.59
48035,42.83
48037,48.42
48039,56.03
48041,50.7
48043,15.33
48045,23.62
48047,24.09
48049,34.68
48051,53.02
48053,39.91
48055,41.78
48057,37.89
48059,40.66
48061,22.61
48063,47.37
48065,19.63
48067,49.47
48069,15.76
48071,58.22
48073,45.6
48075,30.04
48077,43.37
48079,19.83
48081,29.97
48083,34.87
48085,44.06
48087,25.88
48089,49.68
48091,41.41
48093,37.26
48095,32.05
48097,43.51
48099,41.55
48101,30.42
48103,15.19
48105,23.09
48107,18.98
48109,12.92
48111,17.91
48113,40.87
48115,21.66
48117,14.75
48119,44.33
48121,43.17
48123,34.32
48125,25.01
48127,23.96
48129,24.44
48131,24.18
48133,41.93
48135,15.45
48137,31.11
48139,43.89
48141,9.73
48143,40.74
48145,43.14
48147,40.47
48149,49.53
48151,25.7
48153,19.99
48155,29.05
48157,53.75
48159,45.36
48161,45.4
48163,30.03
48165,18.6
48167,58.89
48169,23.4
48171,35.24
48173,21.62
48175,31.36
48177,37.34
48179,20.83
48181,41.27
48183,50.55
48185,59.25
48187,41.25
48189,18.08
48191,26.5
48193,41.9
48195,17.06
48197,31.08
48199,68.57
48201,63.69
48203,56.48
48205,15.93
48207,37.64
48209,42.41
48211,20.9
48213,44.15
48215,19.17
48217,43.55
48219,19.24
48221,37.96
48223,43.73
48225,48.28
48227,23.61
48229,11.12
48231,43.74
48233,18.16
48235,28.76
48237,40.93
48239,40.3
48241,63.54
48243,15.95
48245,70.48
48247,22.03
48249,25.75
48251,40.81
48253,33.95
48255,34.97
48257,46.48
48259,37.39
48261,23.58
48263,23.9
48265,33.15
48267,27.51
48269,28.85
48271,35.56
48273,26.59
48275,30.55
48277,44.78
48279,20.28
48281,37.15
48283,28.78
48285,39.64
48287,54.6
48289,44.0
48291,62.38
48293,40.63
48295,18.34
48297,31.94
48299,35.3
48301,11.22
48303,17.42
48305,23.68
48307,33.18
48309,43.48
48311,32.08
48313,48.51
48315,52.79
48317,16.64
48319,31.85
48321,47.77
48323,29.35
48325,37.22
48327,31.27
48329,15.97
48331,46.76
48333,32.34
48335,25.13
48337,45.48
48339,67.02
48341,16.1
48343,47.01
48345,27.29
48347,48.52
48349,47.38
48351,60.25
48353,31.13
48355,29.5
48357,19.56
48359,15.0
48361,71.92
48363,39.14
48365,55.15
48367,37.66
48369,15.9
48371,15.11
48373,56.55
48375,16.19
48377,15.56
48379,44.49
48381,14.55
48383,22.88
48385,33.51
48387,47.95
48389,12.89
48391,34.11
48393,21.27
48395,42.27
48397,45.35
48399,33.72
48401,51.59
48403,57.17
48405,54.61
48407,60.11
48409,31.25
48411,33.5
48413,27.92
48415,21.74
48417,39.39
48419,55.11
48421,15.65
48423,42.34
48425,39.6
48427,18.71
48429,40.44
48431,25.7
48433,26.6
48435,25.31
48437,18.09
48439,38.19
48441,37.5
48443,16.96
48445,20.28
48447,37.88
48449,47.49
48451,33.68
48453,43.02
48455,51.67
48457,61.65
48459,46.29
48461,18.2
48463,34.46
48465,25.91
48467,45.21
48469,34.81
48471,56.49
48473,63.16
48475,11.85
48477,59.19
48479,25.33
48481,45.33
48483,21.55
48485,38.34
48487,34.81
48489,21.27
48491,44.45
48493,40.7
48495,12.2
48497,41.49
48499,45.3
48501,19.28
48503,40.33
48505,21.15
48507,29.13
49001,11.84
49003,15.7
49005,34.65
49007,15.05
49009,17.16
49011,26.3
49013,18.92
49015,9.14
49017,13.31
49019,11.84
49021,14.31
49023,10.42
49025,13.3
49027,8.47
49029,26.61
49031,16.62
49033,19.39
49035,21.37
49037,10.96
49039,17.63
49041,14.83
49043,27.18
49045,10.82
49047,14.8
49049,17.71
49051,24.01
49053,17.62
49055,8.98
49057,30.45
50001,33.89
50003,40.72
50005,41.82
50007,33.96
50009,42.82
50011,38.83
50013,32.52
50015,38.76
50017,36.92
50019,42.14
50021,38.73
50023,37.71
50025,39.28
50027,37.17
51001,56.11
51003,37.29
51005,48.3
51007,45.85
51009,47.75
51011,44.76
51013,34.6
51015,41.72
51017,47.34
51019,47.16
51021,39.32
51023,46.43
51025,47.04
51027,47.44
51029,42.34
51031,46.11
51033,46.48
51035,44.13
51036,51.56
51037,48.08
51041,49.74
51043,38.9
51045,46.78
51047,37.75
51049,42.77
51051,43.7
51053,47.33
51057,46.56
51059,34.56
51061,40.55
51063,45.29
51065,40.36
51067,45.78
51069,38.52
51071,42.7
51073,51.99
51075,45.11
51077,42.33
51079,37.85
51081,50.65
51083,47.75
51085,49.44
51087,51.37
51089,43.53
51091,44.91
51093,57.35
51095,50.97
51097,49.82
51099,43.14
51101,51.07
51103,48.11
51105,46.76
51107,37.77
51109,39.78
51111,46.66
51113,38.81
51115,53.11
51117,48.99
51119,49.71
51121,42.46
51125,43.55
51127,51.95
51131,56.64
51133,43.25
51135,44.31
51137,35.75
51139,41.88
51141,46.61
51143,49.15
51145,46.57
51147,44.07
51149,50.75
51153,36.62
51155,39.78
51157,40.8
51159,44.6
51161,45.9
51163,44.86
51165,39.88
51167,41.85
51169,42.5
51171,39.05
51173,41.56
51175,55.3
51177,41.85
51179,41.71
51181,50.75
51183,49.72
51185,43.76
51187,41.63
51191,41.2
51193,42.06
51195,45.13
51197,38.32
51199,54.55
51510,34.32
51520,39.91
51530,43.73
51540,37.83
51550,62.74
51570,51.06
51580,47.26
51590,50.81
51595,49.42
51600,33.96
51610,34.46
51620,56.94
51630,42.83
51640,43.41
51650,62.07
51660,39.45
51670,52.18
51680,46.28
51683,34.23
51685,34.08
51690,41.53
51700,59.03
51710,64.86
51720,44.16
51730,50.62
51735,60.23
51740,64.5
51750,40.64
51760,51.04
51770,45.86
51775,45.31
51790,39.23
51800,61.83
51810,60.67
51820,37.64
51830,50.88
51840,39.81
53001,15.0
53003,17.58
53005,9.25
53007,42.04
53009,106.8
53011,74.9
53013,27.58
53015,89.66
53017,14.93
53019,25.9
53021,11.61
53023,20.32
53025,10.24
53027,113.55
53029,30.41
53031,131.12
53033,79.88
53035,56.41
53037,35.59
53039,23.45
53041,79.81
53043,17.4
53045,112.58
53047,27.43
53049,102.38
53051,41.12
53053,70.95
53055,29.78
53057,88.3
53059,103.67
53061,96.34
53063,23.85
53065,28.32
53067,54.67
53069,95.21
53071,15.82
53073,78.23
53075,20.26
53077,29.46
54001,51.24
54003,32.68
54005,45.72
54007,45.54
54009,40.54
54011,42.01
54013,46.07
54015,46.1
54017,46.43
54019,49.43
54021,47.79
54023,36.15
54025,50.73
54027,36.06
54029,40.45
54031,35.01
54033,49.29
54035,40.96
54037,35.26
54039,43.66
54041,49.18
54043,43.95
54045,46.55
54047,43.96
54049,44.24
54051,45.68
54053,39.92
54055,41.3
54057,35.17
54059,46.95
54061,45.41
54063,46.19
54065,33.72
54067,52.82
54069,42.07
54071,39.45
54073,40.78
54075,51.45
54077,48.53
54079,39.12
54081,48.98
54083,53.87
54085,45.03
54087,42.23
54089,44.7
54091,48.82
54093,54.06
54095,42.49
54097,51.48
54099,46.91
54101,55.67
54103,41.95
54105,42.8
54107,38.92
54109,46.26
55001,44.04
55003,40.96
55005,36.72
55007,38.76
55009,35.26
55011,44.5
55013,36.84
55015,36.76
55017,38.2
55019,39.95
55021,42.48
55023,52.22
55025,42.16
55027,38.54
55029,34.69
55031,36.13
55033,36.92
55035,41.1
55037,32.49
55039,36.05
55041,37.33
55043,44.16
55045,39.86
55047,38.54
55049,41.88
55051,43.64
55053,44.88
55055,37.82
55057,45.51
55059,32.29
55061,33.21
55063,47.45
55065,39.54
55067,37.71
55069,38.56
55071,35.2
55073,37.31
55075,32.55
55077,41.38
55078,36.61
55079,33.36
55081,45.99
55083,36.57
55085,42.89
55087,36.24
55089,32.66
55091,42.92
55093,40.62
55095,35.62
55097,38.74
55099,37.22
55101,32.67
55103,47.95
55105,37.52
55107,36.83
55109,37.09
55111,44.78
55113,40.71
55115,35.39
55117,33.97
55119,38.63
55121,46.06
55123,51.0
55125,42.0
55127,35.14
55129,39.46
55131,36.0
55133,35.88
55135,35.96
55137,38.86
55139,35.7
55141,39.82
56001,14.1
56003,15.42
56005,13.39
56007,16.18
56009,12.36
56011,14.93
56013,18.71
56015,14.79
56017,15.54
56019,15.65
56021,16.15
56023,24.64
56025,13.07
56027,14.21
56029,23.33
56031,14.11
56033,19.7
56035,22.09
56037,12.86
56039,37.7
56041,14.49
56043,14.84
56045,12.14
24511,35.15
