State County Code,Workers 16 years and over,Car truck or van,Car truck or van-Drove alone,Car truck or van-Carpooled,Public transportation (excluding taxicab),Walked,Bicycle,Taxicab motorcycle or other means,Worked at home,No vehicle available,1 vehicle available,2 vehicles available,3 or more vehicles available
01003,87580,89.4,82.3,7.1,0.5,0.5,0.1,1.8,7.7,1.9,18.2,41.9,38.0
01015,N,N,N,N,N,N,N,N,N,2.3,16.9,43.5,37.3
01043,N,N,N,N,N,N,N,N,N,1.7,14.0,38.5,45.9
01049,N,N,N,N,N,N,N,N,N,0.9,14.4,41.9,42.8
01051,N,N,N,N,N,N,N,N,N,1.7,19.1,42.7,36.4
01055,N,N,N,N,N,N,N,N,N,1.2,17.7,37.7,43.5
01069,42925,95.9,89.4,6.5,0.0,1.0,0.2,0.7,2.2,2.8,23.1,40.5,33.7
01073,300909,94.3,84.3,10.0,0.8,1.3,0.1,0.8,2.6,2.6,23.7,41.3,32.4
01077,N,N,N,N,N,N,N,N,N,2.7,17.6,42.0,37.8
01081,74400,90.3,82.2,8.1,0.4,1.3,0.6,1.0,6.3,1.8,17.2,47.0,34.0
01083,N,N,N,N,N,N,N,N,N,0.8,11.9,38.9,48.3
01089,175464,94.8,88.7,6.1,0.0,0.6,0.0,1.1,3.5,2.0,22.0,41.8,34.2
01095,N,N,N,N,N,N,N,N,N,0.9,15.5,40.1,43.5
01097,173473,92.0,85.7,6.3,0.6,1.4,0.1,1.1,4.7,1.8,21.8,41.9,34.5
01101,101311,93.3,84.9,8.4,0.4,2.1,0.0,0.5,3.7,4.7,24.5,37.4,33.4
01103,N,N,N,N,N,N,N,N,N,0.6,12.0,44.6,42.8
01115,N,N,N,N,N,N,N,N,N,0.3,11.9,45.4,42.5
01117,103127,94.3,88.3,6.0,0.0,0.7,0.0,1.0,4.0,1.3,13.3,47.2,38.2
01121,N,N,N,N,N,N,N,N,N,1.6,22.4,37.8,38.2
01125,94960,93.3,83.5,9.8,0.2,1.3,0.4,0.4,4.3,1.1,22.3,43.9,32.8
01127,N,N,N,N,N,N,N,N,N,1.0,15.8,29.2,54.0
02020,158236,88.3,76.3,12.0,1.6,2.5,1.5,1.7,4.4,2.2,19.6,42.1,36.1
02090,52841,91.0,76.2,14.8,0.8,3.9,0.7,0.8,2.8,2.4,17.4,47.0,33.2
02170,43191,84.7,71.7,13.0,0.6,1.8,0.1,5.4,7.4,1.1,12.1,29.3,57.5
04001,19160,83.3,72.9,10.4,3.4,4.9,0.3,1.5,6.6,3.1,23.7,36.2,37.0
04003,45704,90.2,81.2,9.0,0.0,3.0,0.4,1.0,5.2,2.5,24.0,33.4,40.1
04005,62981,83.0,70.7,12.3,1.5,7.1,1.1,0.8,6.5,2.2,21.1,39.6,37.1
04013,1966927,87.3,76.2,11.1,1.9,1.4,0.8,1.7,6.8,2.8,21.7,42.7,32.8
04015,68236,93.0,81.2,11.7,0.8,1.3,0.1,1.3,3.5,2.4,18.3,41.7,37.6
04017,33005,80.7,74.6,6.0,1.2,8.1,0.5,2.4,7.2,4.9,23.1,38.8,33.2
04019,430410,86.9,76.4,10.5,2.6,1.9,1.6,1.5,5.4,3.2,24.8,41.2,30.8
04021,145575,89.9,77.1,12.8,0.2,2.0,0.1,1.8,5.9,2.3,17.1,39.2,41.4
04025,84879,87.7,76.7,11.0,0.3,2.4,0.9,1.9,6.8,1.4,18.6,43.2,36.8
04027,78190,89.3,79.7,9.6,3.4,2.3,0.4,1.9,2.6,2.5,21.0,40.3,36.2
05007,123536,93.8,85.2,8.7,0.1,1.5,0.2,0.4,4.0,1.2,17.2,45.1,36.5
05031,46687,91.4,79.5,11.9,0.2,4.3,0.2,0.0,3.8,2.5,24.0,46.1,27.4
05045,54334,92.6,83.2,9.3,0.0,2.5,0.2,1.0,3.8,1.4,19.2,41.0,38.4
05051,42086,89.2,80.6,8.6,0.0,3.8,0.1,1.2,5.8,2.5,23.3,41.1,33.0
05069,N,N,N,N,N,N,N,N,N,6.6,27.3,38.8,27.3
05085,N,N,N,N,N,N,N,N,N,1.9,14.8,55.3,27.9
05119,181380,93.2,83.7,9.5,0.9,1.4,0.1,1.0,3.4,2.5,27.2,44.7,25.6
05125,57812,96.0,83.4,12.6,0.0,0.3,0.0,0.7,3.0,0.4,13.0,45.5,41.1
05131,55486,92.8,81.9,10.9,0.3,2.1,0.1,2.8,2.0,2.2,24.4,41.5,31.8
05143,106794,91.9,79.4,12.5,0.9,2.1,0.5,0.9,3.7,7.1,20.9,42.8,29.2
05145,N,N,N,N,N,N,N,N,N,1.7,16.9,48.9,32.5
06001,766267,70.5,59.9,10.6,15.1,3.3,2.4,1.6,7.2,4.8,22.5,37.8,34.9
06007,89972,85.7,74.7,11.0,1.3,2.6,3.9,0.7,5.7,2.9,16.1,41.0,40.0
06013,535228,79.1,67.5,11.6,10.4,2.2,0.6,1.5,6.2,2.1,15.7,40.8,41.4
06017,79778,87.1,79.0,8.2,0.9,2.4,1.0,0.6,8.0,1.8,11.4,40.5,46.3
06019,382801,90.2,77.9,12.3,1.0,1.7,0.6,1.9,4.6,3.2,20.7,40.5,35.6
06023,60227,84.2,73.1,11.0,1.7,5.3,0.8,1.4,6.6,1.8,19.9,42.8,35.5
06025,60013,89.6,81.8,7.8,0.2,3.1,0.8,1.6,4.7,1.5,15.0,37.4,46.1
06029,331233,92.4,81.2,11.2,0.7,1.5,0.4,1.6,3.4,2.5,20.1,41.8,35.6
06031,58020,89.1,75.4,13.7,0.1,2.3,1.8,1.3,5.5,1.2,16.2,50.0,32.6
06033,N,N,N,N,N,N,N,N,N,4.3,20.7,32.9,42.0
06037,4769841,83.5,73.9,9.6,6.0,2.8,0.8,1.5,5.4,3.8,21.6,37.9,36.7
06039,54476,92.5,76.8,15.7,0.2,2.1,0.7,2.2,2.3,1.8,14.2,37.2,46.8
06041,128386,73.5,66.7,6.8,8.9,3.2,2.0,0.9,11.4,1.4,20.4,43.2,35.0
06045,35871,83.3,74.4,8.9,0.2,6.9,0.4,0.7,8.5,2.2,26.4,40.3,31.0
06047,96667,88.2,79.9,8.3,1.9,2.8,0.2,3.8,3.1,1.9,16.2,39.1,42.9
06053,191409,81.2,70.0,11.2,1.8,3.6,0.6,8.3,4.4,2.0,16.4,34.2,47.4
06055,72087,84.7,72.3,12.4,2.1,3.9,1.2,0.8,7.3,2.8,15.3,35.4,46.5
06057,40111,79.3,70.9,8.4,0.8,4.1,1.5,2.8,11.3,1.0,15.9,37.9,45.2
06059,1555629,88.2,78.4,9.7,2.2,1.7,0.7,1.1,6.1,1.5,14.1,40.6,43.8
06061,172306,86.9,78.9,8.0,1.0,1.4,0.4,1.3,8.9,1.3,12.8,41.6,44.3
06065,976755,90.5,78.5,12.0,1.0,1.5,0.3,1.5,5.3,1.3,14.2,36.3,48.1
06067,675257,87.3,77.3,10.0,2.2,1.8,1.0,1.1,6.6,2.6,20.5,42.9,34.1
06071,877712,90.0,78.3,11.7,1.6,1.4,0.3,0.9,5.8,1.7,15.9,35.4,47.0
06073,1605455,84.6,75.7,8.9,2.9,3.2,0.7,1.5,7.1,2.0,18.2,41.0,38.8
06075,500469,40.3,33.7,6.7,34.3,11.1,3.9,4.0,6.4,20.6,36.9,26.6,15.9
06077,293931,91.2,76.7,14.4,1.5,1.7,0.5,0.8,4.3,2.2,15.7,36.2,45.8
06079,133597,85.3,74.8,10.4,1.0,5.0,1.8,0.9,6.1,1.3,14.2,41.4,43.1
06081,405929,79.0,69.4,9.6,11.4,2.4,1.2,1.1,5.0,2.6,17.8,38.9,40.7
06083,211202,81.8,67.1,14.6,3.6,4.1,3.9,0.9,5.7,2.2,20.4,34.3,43.2
06085,937511,84.9,74.4,10.5,4.4,2.3,1.7,1.3,5.4,2.3,16.4,39.0,42.4
06087,132813,76.9,68.3,8.6,2.6,5.7,2.7,4.2,7.8,1.5,15.7,39.4,43.3
06089,71058,88.9,83.2,5.8,0.7,3.0,0.5,1.3,5.6,1.5,18.5,41.1,38.9
06095,203069,90.8,77.1,13.7,2.6,1.4,0.3,0.9,4.0,2.7,15.6,37.2,44.4
06097,248606,86.3,75.0,11.3,1.2,2.9,1.2,1.1,7.3,1.4,14.5,41.5,42.6
06099,217657,90.4,79.6,10.8,1.0,1.8,0.7,1.0,5.1,1.7,13.7,38.9,45.7
06101,38596,92.4,78.5,13.9,0.7,1.5,0.4,0.4,4.5,0.8,17.2,44.6,37.5
06107,169790,92.1,78.8,13.3,0.9,1.2,0.5,2.5,2.9,2.7,20.2,39.2,37.9
06111,410448,90.2,77.5,12.7,1.3,1.7,0.7,1.0,5.2,1.3,13.2,38.3,47.3
06113,92696,78.4,68.7,9.7,4.6,2.6,8.0,0.5,5.9,4.0,19.9,39.7,36.4
06115,29751,90.8,80.8,10.0,0.8,1.3,0.5,1.0,5.6,4.2,12.2,40.3,43.3
08001,253868,88.4,78.0,10.4,4.1,1.6,0.2,0.8,4.9,2.7,14.3,38.8,44.2
08005,336485,86.3,76.5,9.8,3.5,2.0,0.3,1.0,6.9,2.0,18.2,43.7,36.1
08013,168216,72.4,65.2,7.2,4.6,6.1,4.2,0.6,12.1,2.2,19.4,42.9,35.5
08014,35576,84.8,79.4,5.4,2.2,1.2,0.6,1.9,9.4,1.3,14.4,47.3,37.0
08031,377214,77.6,69.7,7.9,6.3,4.5,2.2,1.3,8.2,3.9,27.7,44.2,24.2
08035,175996,83.3,76.4,6.9,2.1,1.2,0.2,1.3,11.9,0.8,12.7,48.6,37.8
08041,338256,87.8,76.5,11.3,0.5,3.6,0.4,0.8,6.9,1.5,18.6,45.3,34.7
08059,305059,84.9,77.4,7.5,3.3,1.5,0.4,1.0,8.9,1.7,15.4,43.9,39.0
08069,175334,84.0,74.5,9.5,1.7,2.5,3.2,1.1,7.7,1.1,14.3,44.1,40.5
08077,66884,86.2,78.7,7.5,0.1,4.2,2.0,1.2,6.3,1.0,21.0,38.4,39.5
08101,66806,92.9,82.0,10.9,1.5,1.4,0.3,1.2,2.8,1.6,20.6,42.5,35.2
08123,138421,90.0,81.6,8.4,0.5,1.9,0.4,1.4,5.8,1.1,14.1,38.8,46.0
09001,467797,80.2,72.3,7.9,10.2,2.7,0.2,0.8,6.0,3.4,20.4,41.4,34.8
09003,438253,89.0,80.2,8.8,3.5,2.2,0.2,0.9,4.3,3.6,22.3,40.4,33.7
09005,97057,88.1,81.7,6.4,1.4,2.5,0.2,1.4,6.4,1.4,16.2,41.1,41.3
09007,88406,87.1,81.2,6.0,2.1,2.7,0.1,1.2,6.8,1.4,16.6,38.0,43.9
09009,420509,86.7,78.0,8.6,4.3,3.2,0.7,0.7,4.6,5.0,21.9,41.0,32.1
09011,140757,88.6,79.3,9.3,1.8,2.7,0.5,1.0,5.5,2.5,18.9,40.8,37.8
09013,76194,87.1,80.9,6.2,1.5,4.1,0.1,1.6,5.6,1.6,15.0,40.6,42.8
09015,55963,90.0,80.9,9.1,0.8,3.6,0.0,0.6,4.9,3.0,22.0,40.5,34.5
10001,77379,91.6,80.3,11.3,1.4,1.7,0.5,1.1,3.8,2.9,22.1,39.8,35.3
10003,266545,89.1,80.2,8.9,3.7,2.2,0.3,0.6,4.2,2.5,22.9,43.8,30.8
10005,95329,91.3,83.8,7.4,0.9,1.1,0.1,0.7,5.9,1.7,15.1,41.6,41.6
11001,362204,38.1,33.0,5.1,36.0,13.7,4.6,1.6,6.0,25.4,43.4,23.5,7.6
12001,118260,83.2,72.5,10.6,4.3,2.5,2.0,2.0,6.0,3.6,24.8,44.1,27.5
12005,83677,92.1,82.5,9.6,1.3,1.3,0.2,1.6,3.6,1.8,23.3,46.2,28.7
12009,237410,90.4,82.8,7.6,0.4,1.0,0.7,1.4,6.1,3.0,21.7,45.6,29.7
12011,936690,89.0,79.6,9.5,2.9,1.4,0.5,1.5,4.6,2.9,24.4,44.8,27.9
12015,N,N,N,N,N,N,N,N,N,1.9,25.5,40.3,32.3
12017,43744,92.2,82.9,9.3,0.1,1.7,0.5,0.9,4.6,1.5,23.5,44.2,30.9
12019,98256,91.3,85.3,6.1,0.5,0.7,0.0,2.2,5.2,1.6,19.8,45.4,33.1
12021,151190,86.8,72.3,14.5,1.8,1.6,1.1,1.0,7.7,5.8,20.4,43.3,30.6
12023,N,N,N,N,N,N,N,N,N,1.6,23.9,52.0,22.5
12031,447807,88.1,79.8,8.4,2.5,2.6,0.8,1.1,4.9,4.1,25.4,45.1,25.4
12033,141946,84.8,73.9,10.9,0.9,2.7,0.6,1.3,9.8,1.7,25.7,46.1,26.5
12035,N,N,N,N,N,N,N,N,N,0.0,23.2,47.8,29.0
12053,65104,90.0,82.2,7.9,0.4,1.8,0.1,2.1,5.7,3.3,16.2,46.5,34.1
12055,N,N,N,N,N,N,N,N,N,2.0,31.3,45.5,21.3
12057,664120,88.3,79.2,9.2,1.6,1.6,0.7,1.2,6.7,2.8,24.1,46.3,26.8
12061,N,N,N,N,N,N,N,N,N,3.3,23.7,51.8,21.1
12069,133547,91.4,81.5,9.9,0.4,0.8,0.4,0.9,6.1,1.5,22.5,47.0,29.0
12071,296123,89.0,80.4,8.6,0.5,1.3,0.6,3.0,5.7,2.1,21.8,44.4,31.7
12073,142012,91.3,80.2,11.1,1.2,1.5,0.7,1.5,3.7,2.5,26.0,43.9,27.6
12081,154973,89.9,80.2,9.7,0.8,1.0,0.3,1.4,6.6,1.2,20.6,47.1,31.1
12083,123812,90.5,81.7,8.9,0.5,1.1,0.2,1.0,6.7,1.6,24.8,46.8,26.7
12085,65730,89.0,80.8,8.1,0.3,0.4,0.8,1.5,8.1,2.3,23.2,42.3,32.2
12086,1268406,85.3,76.2,9.0,5.3,2.1,0.5,1.3,5.5,4.3,24.4,41.0,30.3
12087,42852,73.9,67.9,6.0,2.1,4.2,7.5,5.6,6.6,5.1,31.7,41.6,21.6
12089,N,N,N,N,N,N,N,N,N,2.1,12.4,46.6,39.0
12091,95221,92.3,83.3,9.0,0.4,1.9,0.1,0.9,4.5,1.0,20.1,47.4,31.6
12095,644444,88.6,79.3,9.2,2.7,1.3,0.5,1.3,5.5,2.8,23.9,43.5,29.7
12097,153958,94.5,83.1,11.5,0.5,0.2,0.6,1.2,3.1,2.0,16.2,42.3,39.5
12099,656745,87.7,77.9,9.8,1.8,1.5,0.6,1.4,7.0,3.1,22.8,46.6,27.6
12101,201205,88.1,80.1,8.0,0.4,1.0,0.3,2.0,8.3,1.9,22.4,49.5,26.2
12103,436805,85.2,77.4,7.8,1.6,1.7,1.3,1.9,8.2,3.0,27.7,45.8,23.5
12105,270813,93.1,82.5,10.6,0.6,0.8,0.5,0.8,4.2,2.5,22.8,46.7,28.0
12107,N,N,N,N,N,N,N,N,N,1.5,25.1,46.2,27.1
12109,109712,87.2,80.7,6.5,0.1,0.7,0.8,1.7,9.5,1.1,14.2,48.2,36.5
12111,124810,89.7,77.2,12.5,0.5,0.7,0.3,4.2,4.8,2.0,25.1,43.0,29.8
12113,N,N,N,N,N,N,N,N,N,0.4,18.1,44.9,36.5
12115,161481,87.8,80.6,7.2,1.3,0.8,0.9,0.8,8.4,1.3,20.9,48.6,29.2
12117,222833,87.9,81.3,6.6,1.1,1.1,0.3,1.4,8.2,1.6,19.4,45.8,33.1
12119,N,N,N,N,N,N,N,N,N,0.7,37.0,38.5,23.9
12127,215783,88.1,80.6,7.5,1.4,1.5,0.7,1.2,7.0,2.1,22.8,45.5,29.7
12131,N,N,N,N,N,N,N,N,N,4.8,14.5,54.2,26.6
13013,34049,94.5,84.6,9.8,0.6,0.9,0.3,0.8,3.0,1.9,15.0,41.9,41.2
13015,43730,87.8,79.8,8.0,0.6,2.1,0.0,1.3,8.2,2.3,21.3,40.0,36.4
13021,59847,91.2,80.0,11.2,0.6,3.1,0.0,1.6,3.5,4.4,26.2,43.0,26.4
13031,N,N,N,N,N,N,N,N,N,1.7,23.4,36.4,38.5
13045,49198,92.2,82.3,9.9,0.1,1.1,0.0,2.3,4.3,3.3,16.9,37.7,42.1
13047,N,N,N,N,N,N,N,N,N,0.5,16.7,43.4,39.3
13051,137368,86.6,76.4,10.2,2.9,3.3,1.1,1.0,5.2,3.9,26.7,42.6,26.7
13057,121447,88.2,79.6,8.6,0.8,0.9,0.5,0.7,8.9,1.9,12.1,40.1,45.9
13059,57987,84.3,73.5,10.8,3.1,5.0,1.5,0.9,5.0,5.4,28.4,36.4,29.8
13063,124430,87.8,77.4,10.4,3.8,1.6,0.1,1.8,5.0,5.1,25.8,38.0,31.2
13067,385718,87.7,79.2,8.5,0.9,1.1,0.1,1.5,8.7,2.0,19.9,44.4,33.7
13073,N,N,N,N,N,N,N,N,N,0.6,13.8,53.8,31.8
13077,68475,92.4,82.6,9.8,0.3,0.8,0.0,1.3,5.2,1.8,15.4,39.7,43.1
13089,363612,82.9,72.1,10.8,8.1,1.6,0.4,1.2,5.8,5.2,28.7,41.8,24.3
13095,34652,91.2,81.2,10.0,0.7,2.8,0.0,1.2,4.2,7.5,26.5,40.9,25.0
13097,N,N,N,N,N,N,N,N,N,1.6,12.6,46.1,39.7
13113,N,N,N,N,N,N,N,N,N,1.4,13.3,43.2,42.2
13115,42109,91.8,82.6,9.2,1.0,1.6,0.0,0.6,5.0,1.7,18.9,40.7,38.7
13117,109767,85.8,77.3,8.4,0.1,0.9,0.4,1.3,11.5,1.0,10.8,49.8,38.5
13121,511337,78.7,71.5,7.2,7.6,2.9,0.8,2.1,7.9,5.5,29.9,43.7,20.9
13127,N,N,N,N,N,N,N,N,N,4.1,20.3,43.1,32.4
13135,447955,90.9,80.4,10.5,0.8,0.6,0.0,1.9,5.7,2.5,18.1,39.7,39.7
13139,90322,93.7,83.0,10.7,0.1,1.8,0.2,1.3,2.9,2.3,13.8,40.9,43.0
13151,102868,91.4,82.1,9.3,1.3,0.3,0.0,0.7,6.4,1.3,15.0,40.2,43.5
13153,N,N,N,N,N,N,N,N,N,1.9,17.0,50.9,30.2
13179,N,N,N,N,N,N,N,N,N,2.0,29.2,36.9,31.9
13185,49606,92.8,84.1,8.7,0.4,3.4,0.2,1.1,2.1,3.3,26.0,39.5,31.2
13215,86067,87.8,78.1,9.7,1.1,1.2,0.1,1.8,8.0,4.0,26.9,44.8,24.3
13217,N,N,N,N,N,N,N,N,N,2.3,21.2,32.8,43.7
13223,N,N,N,N,N,N,N,N,N,0.2,12.2,43.3,44.3
13245,84857,90.0,81.8,8.2,2.1,4.3,0.5,1.6,1.5,3.0,29.2,39.6,28.2
13247,N,N,N,N,N,N,N,N,N,1.6,18.5,42.1,37.8
13285,31033,91.7,80.9,10.8,0.0,1.7,0.0,4.7,1.9,4.1,21.7,35.9,38.4
13295,N,N,N,N,N,N,N,N,N,0.4,16.8,40.7,42.1
13297,N,N,N,N,N,N,N,N,N,2.3,19.2,41.1,37.4
13313,46168,95.8,84.0,11.8,0.0,0.2,0.2,2.2,1.6,1.9,17.7,41.3,39.1
15001,83896,86.6,73.9,12.7,1.8,1.8,0.3,1.2,8.2,1.3,18.6,40.2,39.8
15003,506094,77.7,63.7,14.0,8.7,5.8,0.9,2.8,4.2,4.4,22.8,34.2,38.5
15007,35120,87.6,77.8,9.7,1.1,1.6,0.5,1.3,8.0,2.2,12.2,32.6,53.0
15009,83602,89.0,75.1,14.0,2.5,2.3,0.5,0.7,5.1,1.3,16.6,38.3,43.7
16001,221182,88.9,81.1,7.8,0.3,1.2,1.9,0.7,7.1,1.4,23.6,41.9,33.1
16005,35280,89.3,79.4,9.8,0.8,2.8,2.0,1.4,3.7,2.2,16.0,39.2,42.7
16019,49625,90.0,82.7,7.3,3.6,1.7,0.3,0.5,3.9,1.3,16.1,40.3,42.3
16027,90835,91.4,78.8,12.6,0.0,1.6,0.7,1.2,5.1,1.5,13.0,36.1,49.5
16055,66608,90.2,81.7,8.5,0.1,1.6,0.9,0.8,6.3,1.0,13.9,39.2,46.0
16083,38951,93.1,83.6,9.5,0.2,1.7,0.5,0.7,3.8,2.6,15.0,38.4,44.0
17001,N,N,N,N,N,N,N,N,N,1.7,19.6,43.8,34.8
17019,104734,77.3,70.6,6.7,7.8,6.7,3.0,1.5,3.8,6.1,29.3,41.6,23.0
17031,2503619,69.5,61.8,7.7,18.9,4.4,1.1,1.5,4.7,9.9,30.5,36.5,23.0
17037,54545,87.9,80.1,7.8,0.9,4.1,1.2,1.2,4.7,2.7,15.8,41.7,39.8
17043,482542,82.5,76.0,6.5,7.1,1.6,0.5,0.6,7.6,1.3,17.8,47.0,33.8
17089,254992,89.9,81.0,8.9,1.9,1.1,0.2,1.7,5.2,1.4,10.9,47.9,39.8
17091,48846,88.4,79.9,8.5,2.8,2.9,0.2,2.5,3.4,2.2,17.3,49.0,31.5
17093,64600,87.9,81.0,6.8,5.3,1.0,0.0,0.4,5.5,2.4,9.6,49.7,38.3
17097,358734,85.0,76.0,9.0,3.9,2.7,0.2,0.7,7.5,1.0,14.5,45.2,39.2
17099,49523,92.7,85.4,7.3,0.1,1.6,1.0,0.7,4.0,2.8,16.2,44.8,36.2
17111,159605,90.5,83.4,7.1,2.1,1.0,0.1,0.5,5.7,0.5,11.2,44.4,43.9
17113,91280,88.7,81.1,7.7,1.0,4.2,0.6,0.7,4.7,2.9,20.9,44.0,32.2
17115,45790,93.0,84.7,8.3,0.5,2.2,0.0,0.7,3.7,3.0,21.1,43.6,32.3
17119,122551,91.9,84.7,7.1,1.4,1.6,0.1,1.1,3.8,1.8,18.0,42.1,38.1
17143,81934,89.4,82.5,6.9,2.4,3.3,0.5,0.8,3.7,3.4,25.3,41.2,30.1
17161,66443,90.5,82.9,7.6,1.9,2.6,0.2,1.7,3.0,3.1,23.1,46.4,27.5
17163,122910,88.8,82.5,6.3,3.8,1.9,0.4,1.2,3.8,5.2,25.0,39.1,30.8
17167,92109,90.9,82.4,8.5,1.3,1.8,0.5,1.2,4.2,2.3,24.9,42.2,30.6
17179,64185,94.7,86.8,7.8,0.3,0.9,0.1,1.2,2.9,1.5,18.3,48.3,32.0
17183,30520,91.6,86.5,5.0,0.5,2.2,0.3,0.6,4.9,3.0,17.8,48.5,30.8
17197,340445,89.8,84.0,5.8,3.8,0.9,0.1,1.1,4.4,1.2,11.9,43.6,43.3
17199,N,N,N,N,N,N,N,N,N,2.2,19.6,43.0,35.1
17201,129599,92.3,81.5,10.8,1.4,1.4,0.2,1.0,3.8,3.2,22.5,46.1,28.2
18003,174769,93.0,83.6,9.5,0.8,0.9,0.2,0.4,4.6,2.3,21.8,43.3,32.6
18005,N,N,N,N,N,N,N,N,N,0.9,24.2,35.0,39.9
18019,N,N,N,N,N,N,N,N,N,2.3,21.0,41.2,35.5
18035,49194,88.4,81.4,7.0,1.3,6.3,0.5,0.7,2.8,3.9,25.0,42.5,28.5
18039,93723,92.1,78.6,13.4,0.6,2.0,1.4,1.4,2.6,3.9,17.5,44.3,34.3
18043,N,N,N,N,N,N,N,N,N,0.5,19.3,41.2,39.0
18053,27220,88.3,80.9,7.4,0.1,5.1,0.2,0.0,6.3,1.0,21.3,42.6,35.1
18057,169312,89.9,84.1,5.8,0.1,0.6,0.1,0.4,8.9,1.1,15.1,50.2,33.6
18059,N,N,N,N,N,N,N,N,N,1.3,15.2,39.7,43.8
18063,81283,92.4,88.3,4.1,0.0,1.1,0.0,1.4,5.1,0.9,13.7,44.1,41.3
18067,35910,93.1,82.9,10.3,0.0,1.6,0.0,1.6,3.6,3.5,19.5,44.1,32.9
18081,76871,91.9,83.1,8.8,0.6,1.8,0.2,0.5,5.0,1.1,16.0,46.4,36.5
18085,37200,94.1,79.8,14.3,0.0,1.3,1.5,0.9,2.2,6.7,16.0,41.6,35.7
18089,215882,91.3,82.5,8.8,3.4,1.4,0.2,1.3,2.5,2.0,21.7,42.2,34.0
18091,47937,90.4,82.5,7.9,0.4,2.0,0.2,2.1,5.0,2.1,17.6,41.8,38.4
18095,56855,92.3,82.5,9.8,0.0,3.1,0.4,0.8,3.4,1.8,18.6,43.0,36.6
18097,454130,92.3,84.0,8.3,1.4,1.7,0.5,0.9,3.1,3.3,26.4,43.8,26.5
18105,71162,84.2,74.0,10.3,2.8,8.1,1.3,0.8,2.8,4.5,21.3,40.1,34.2
18109,33739,92.6,83.3,9.3,0.3,2.1,0.0,1.2,3.9,1.3,13.6,39.1,46.0
18127,78978,92.8,87.8,5.0,0.9,1.8,0.1,1.1,3.4,0.6,14.7,45.4,39.3
18141,120678,89.6,82.4,7.2,1.8,3.4,0.6,0.6,3.9,3.6,23.0,41.6,31.8
18157,89138,86.8,76.9,9.9,3.6,5.4,1.3,0.5,2.5,2.4,25.1,44.7,27.8
18163,88298,91.8,83.9,7.9,2.6,3.1,0.2,0.5,1.9,5.1,24.3,41.5,29.1
18167,48424,89.3,81.5,7.8,0.8,3.6,0.6,1.5,4.3,2.4,21.8,44.8,31.0
18177,29356,91.4,84.2,7.2,0.1,1.4,0.7,2.3,4.0,3.3,19.8,43.5,33.5
19013,69588,90.9,81.3,9.5,0.6,4.5,0.2,0.7,3.1,1.8,19.9,40.5,37.8
19049,43960,92.1,81.6,10.5,0.8,0.7,0.0,0.4,6.1,1.3,14.9,49.5,34.4
19061,51196,89.8,80.9,8.9,1.0,5.0,0.3,1.1,2.8,1.3,18.7,43.2,36.7
19103,80356,75.5,66.7,8.8,5.7,10.6,1.8,1.4,4.9,3.9,20.6,42.3,33.2
19113,116401,92.6,83.5,9.1,0.7,2.0,0.3,1.0,3.4,1.4,19.5,45.0,34.1
19153,248427,91.8,84.6,7.2,1.5,2.0,0.2,0.8,3.7,1.7,18.5,45.8,34.0
19155,47255,93.5,86.6,6.9,0.5,1.9,0.2,0.9,3.0,1.1,17.0,42.2,39.6
19163,81537,92.4,87.5,4.9,0.7,1.7,0.3,0.8,4.1,1.9,18.7,46.1,33.3
19169,53288,78.3,71.7,6.5,5.0,7.3,1.8,0.2,7.5,3.5,18.7,39.9,37.9
19193,50631,91.2,81.3,9.9,1.2,2.5,0.0,0.8,4.3,2.0,20.6,38.7,38.7
20015,31517,91.2,80.0,11.1,0.0,1.8,0.3,1.4,5.3,2.0,11.8,41.0,45.2
20045,68346,89.1,82.1,7.0,2.1,4.4,0.5,1.2,2.8,1.8,23.7,40.9,33.6
20091,313189,90.6,83.8,6.8,0.3,1.3,0.2,0.8,6.9,1.1,15.8,48.9,34.2
20103,N,N,N,N,N,N,N,N,N,1.3,14.1,39.3,45.2
20161,40171,83.0,72.9,10.1,0.5,10.0,1.3,1.6,3.6,3.5,16.6,45.1,34.9
20173,247439,93.0,84.3,8.8,0.6,1.6,0.5,1.0,3.4,1.8,19.9,41.1,37.2
20177,85531,92.3,81.2,11.1,1.4,2.5,0.0,1.1,2.7,3.3,21.1,41.1,34.5
20209,74861,94.4,83.3,11.2,1.0,1.0,0.0,0.4,3.1,3.2,25.2,38.1,33.6
21015,64766,91.4,83.0,8.4,1.6,0.6,0.2,0.7,5.6,0.7,18.2,42.6,38.5
21029,N,N,N,N,N,N,N,N,N,0.9,12.3,41.8,45.0
21037,46002,88.2,77.4,10.8,1.2,3.5,0.3,1.2,5.6,3.7,21.9,40.0,34.4
21047,N,N,N,N,N,N,N,N,N,3.1,24.1,52.8,20.1
21059,43812,93.0,83.1,9.9,1.4,1.6,0.8,0.9,2.4,3.5,15.7,44.4,36.5
21067,163706,87.0,78.5,8.5,2.0,4.0,0.3,2.0,4.7,3.2,25.1,44.1,27.7
21093,49845,94.1,84.4,9.6,0.0,1.1,0.0,1.4,3.4,1.6,14.9,42.8,40.8
21111,374663,89.3,80.8,8.5,2.6,1.9,0.3,1.4,4.3,4.1,25.4,42.4,28.1
21117,85353,89.5,80.8,8.7,2.9,1.9,0.5,1.5,3.7,3.0,17.9,45.7,33.4
21145,N,N,N,N,N,N,N,N,N,1.8,20.5,48.5,29.2
21151,39598,90.5,85.9,4.6,0.0,4.4,0.5,1.5,3.1,1.1,19.2,44.9,34.7
21185,30962,91.1,85.4,5.7,0.5,1.0,0.3,1.6,5.5,1.0,11.3,46.7,41.1
21227,60078,93.8,81.7,12.1,0.1,2.6,0.2,1.4,1.9,1.9,25.2,38.0,34.9
22005,N,N,N,N,N,N,N,N,N,1.3,18.0,46.1,34.6
22015,57901,95.3,90.0,5.3,0.1,1.3,0.0,0.1,3.2,1.1,18.6,52.8,27.5
22017,104119,93.9,87.0,6.9,1.5,1.5,0.3,0.3,2.4,3.2,26.7,42.3,27.9
22019,85069,95.0,88.1,6.9,0.5,1.0,0.4,1.0,2.1,2.7,23.2,41.6,32.6
22033,213315,93.5,84.3,9.2,1.5,1.6,0.2,0.6,2.6,2.5,25.4,42.0,30.1
22045,N,N,N,N,N,N,N,N,N,4.5,16.5,49.0,29.9
22051,207196,93.2,81.1,12.1,0.9,1.4,0.1,1.0,3.5,2.9,24.0,45.2,27.8
22055,117645,91.8,84.9,6.9,0.9,1.8,1.0,1.4,3.1,2.7,23.9,46.3,27.1
22057,41550,92.0,81.1,10.9,0.4,0.6,0.2,4.4,2.5,1.2,24.8,41.6,32.5
22063,N,N,N,N,N,N,N,N,N,1.2,25.0,39.7,34.1
22071,179290,77.1,67.4,9.7,7.3,4.9,3.3,1.7,5.7,10.3,33.3,39.0,17.3
22073,60984,94.4,84.4,10.0,2.1,1.0,0.0,0.7,1.7,4.4,25.5,42.7,27.5
22079,55234,91.6,81.4,10.3,1.4,1.9,0.1,2.5,2.4,5.5,24.0,40.0,30.4
22097,N,N,N,N,N,N,N,N,N,3.0,25.5,41.4,30.1
22103,116934,91.8,81.5,10.3,0.1,0.6,0.1,2.0,5.4,2.0,18.8,45.7,33.5
22105,55265,93.2,83.0,10.2,0.0,1.5,0.6,2.1,2.7,2.0,18.1,42.0,37.9
22109,46610,87.6,79.0,8.6,0.2,1.6,1.1,3.0,6.5,3.8,20.8,41.4,34.1
23001,52745,90.1,80.4,9.6,0.2,4.6,0.0,0.7,4.4,3.2,24.2,42.2,30.5
23003,28805,87.8,78.5,9.2,0.1,5.8,0.1,1.3,4.9,3.1,18.3,41.4,37.2
23005,157238,84.4,78.0,6.4,1.5,5.2,1.3,0.4,7.2,3.2,20.4,46.0,30.4
23011,55361,89.8,81.5,8.3,0.0,4.5,0.0,0.6,5.1,2.4,18.7,43.8,35.1
23019,71363,90.7,79.5,11.3,0.3,3.0,0.2,1.1,4.6,2.0,20.9,45.1,32.0
23031,101875,91.1,80.6,10.5,1.0,2.0,0.2,1.2,4.5,2.4,18.2,44.7,34.8
24001,27510,90.3,78.7,11.6,0.4,5.4,0.0,1.4,2.5,4.0,22.2,40.3,33.4
24003,299507,88.1,80.4,7.7,3.8,1.9,0.4,0.8,5.1,1.2,15.3,45.2,38.3
24005,417308,88.0,79.4,8.6,4.4,1.9,0.1,1.5,4.2,3.1,21.2,45.1,30.6
24009,N,N,N,N,N,N,N,N,N,1.0,9.0,31.2,58.8
24013,85994,92.0,85.4,6.6,0.5,1.1,0.3,0.5,5.6,1.4,10.4,33.5,54.6
24015,51725,91.8,82.9,8.8,1.2,0.8,0.1,2.2,3.9,0.8,14.2,36.1,48.9
24017,80184,89.9,83.1,6.8,5.4,1.6,0.0,0.8,2.2,0.8,15.1,35.1,49.0
24021,131298,86.4,76.7,9.7,2.4,2.2,0.2,1.6,7.1,2.3,13.7,41.8,42.3
24025,126879,92.0,83.5,8.5,1.4,1.4,0.1,0.4,4.8,0.8,13.2,44.5,41.4
24027,172520,89.4,81.8,7.6,3.0,0.8,0.1,0.9,5.8,1.3,14.7,45.9,38.1
24031,552762,74.2,65.3,8.9,15.5,2.5,0.5,1.1,6.2,3.9,22.6,43.4,30.0
24033,476266,77.4,66.5,10.8,15.6,1.8,0.2,1.8,3.3,5.3,25.8,34.3,34.7
24037,55396,93.3,79.8,13.5,0.9,3.3,0.1,0.2,2.1,2.1,19.5,35.3,43.1
24043,65882,91.4,82.3,9.2,1.3,1.9,0.1,1.2,4.1,2.5,20.0,39.1,38.4
24045,47621,94.1,84.8,9.4,0.3,2.0,0.1,0.7,2.9,1.5,22.7,39.7,36.2
24510,280107,68.9,59.5,9.4,17.3,6.7,1.0,1.3,4.8,14.5,37.8,33.2,14.5
25001,100746,86.6,80.5,6.1,1.5,2.7,0.8,0.8,7.6,1.4,18.5,43.5,36.6
25003,63525,83.9,78.4,5.5,1.6,7.7,0.0,0.8,6.0,2.6,27.1,44.2,26.1
25005,278195,90.2,82.0,8.2,2.7,3.1,0.1,0.5,3.4,3.6,19.2,41.1,36.1
25009,390959,83.0,73.1,9.9,5.6,3.2,0.2,2.6,5.5,4.0,20.9,45.0,30.0
25011,37008,88.2,77.1,11.1,1.8,4.1,0.3,0.4,5.3,2.5,21.4,45.9,30.1
25013,215032,89.7,81.1,8.6,1.9,2.7,0.5,1.4,3.8,5.1,24.4,41.8,28.7
25015,80837,78.8,71.7,7.1,2.1,9.0,1.4,0.9,7.8,4.0,19.3,42.6,34.2
25017,869832,74.3,67.3,6.9,12.4,5.0,1.5,1.1,5.8,5.7,23.0,44.1,27.2
25021,355631,75.3,68.5,6.8,13.9,3.7,0.7,1.0,5.4,4.2,20.7,45.5,29.7
25023,263465,86.8,79.2,7.7,5.9,1.3,0.1,0.8,5.1,1.7,16.8,44.4,37.1
25025,419887,48.4,41.3,7.0,32.2,12.3,2.2,2.0,2.9,21.9,40.6,27.1,10.5
25027,414883,87.1,79.3,7.8,2.0,3.1,0.2,1.6,6.1,2.8,19.9,43.6,33.7
26005,55045,93.2,86.8,6.5,0.4,1.8,0.2,0.5,3.8,1.0,14.8,44.0,40.2
26017,46410,91.1,85.0,6.1,0.1,1.5,0.1,1.1,6.1,1.8,19.2,45.3,33.6
26021,69916,91.1,79.7,11.4,0.5,3.4,0.5,1.0,3.5,2.0,21.1,46.9,30.0
26025,58005,93.6,85.1,8.5,1.0,1.9,0.2,0.9,2.4,4.4,19.7,43.0,32.9
26037,37450,90.6,83.7,6.8,0.9,1.9,0.1,0.8,5.8,1.9,12.2,44.9,41.1
26045,51337,93.8,84.4,9.4,0.9,1.2,0.4,0.9,2.7,2.5,19.1,41.8,36.7
26049,163167,93.5,83.9,9.6,1.2,1.1,0.1,0.4,3.7,3.0,22.2,41.5,33.3
26055,45182,89.6,79.8,9.8,0.7,1.9,0.8,0.1,6.9,1.0,19.4,47.5,32.0
26065,137228,86.6,77.4,9.2,3.5,3.3,2.1,0.4,4.1,4.4,23.7,45.4,26.5
26073,33092,83.7,75.4,8.3,0.6,7.4,1.9,0.9,5.6,2.7,19.2,42.2,35.9
26075,66887,93.2,81.7,11.5,0.8,2.2,0.2,0.5,3.1,3.3,20.2,42.8,33.7
26077,130545,89.0,81.5,7.6,1.9,3.1,0.4,1.2,4.4,3.4,21.2,43.1,32.3
26081,322796,89.8,81.4,8.5,2.4,1.9,0.6,0.6,4.7,2.5,19.5,43.7,34.2
26087,37907,93.8,86.8,7.0,0.0,1.1,0.0,1.5,3.6,1.7,13.7,40.6,44.0
26091,44423,94.1,83.2,10.9,0.1,1.8,1.0,0.4,2.6,1.8,19.2,43.6,35.3
26093,95828,94.0,87.2,6.8,0.5,0.3,0.3,0.9,4.1,1.1,10.6,41.8,46.5
26099,409482,95.1,87.9,7.2,0.8,0.9,0.1,0.6,2.6,1.8,18.8,44.2,35.1
26103,29677,87.4,78.5,8.9,0.4,6.2,0.2,1.1,4.8,0.8,16.9,47.9,34.4
26111,38281,93.2,84.4,8.9,1.8,0.7,0.2,0.5,3.5,1.8,17.8,48.2,32.2
26115,68142,94.5,87.6,6.8,0.0,0.8,0.1,0.8,3.8,1.2,13.8,40.4,44.6
26121,72824,94.5,81.6,13.0,0.5,1.1,0.4,0.5,2.9,4.0,20.3,40.5,35.1
26125,628582,92.9,85.8,7.1,0.6,0.9,0.2,0.5,4.8,1.5,20.0,45.3,33.2
26139,141046,90.1,81.1,9.0,1.0,3.6,1.0,0.7,3.5,2.3,12.6,44.6,40.5
26145,82060,94.9,85.0,9.9,0.1,1.6,0.3,0.6,2.5,1.7,20.8,43.4,34.2
26147,70646,94.4,82.5,11.9,0.6,1.5,0.4,0.9,2.2,1.9,20.5,39.5,38.2
26155,30307,89.4,81.4,8.0,0.1,2.0,0.0,0.9,7.6,0.8,17.8,43.5,37.9
26159,33400,92.1,81.1,11.0,0.0,3.9,0.1,0.3,3.7,1.0,21.5,39.3,38.2
26161,181547,80.7,72.4,8.4,4.8,6.2,1.5,0.6,6.0,3.8,23.0,44.4,28.8
26163,721490,90.1,80.6,9.5,3.1,1.9,0.5,1.1,3.3,5.0,26.7,41.6,26.8
27003,186132,88.9,81.1,7.8,3.7,1.2,0.3,0.6,5.3,1.6,12.8,46.0,39.7
27013,36293,88.8,78.5,10.4,1.7,2.9,0.5,0.4,5.7,2.5,14.0,46.9,36.5
27019,55934,90.2,82.7,7.5,2.8,0.3,0.2,0.9,5.6,0.6,10.0,46.3,43.1
27037,232206,89.2,80.0,9.2,3.0,1.2,0.2,0.7,5.6,1.3,15.2,47.9,35.6
27053,669546,80.6,72.4,8.1,7.5,3.3,1.5,1.0,6.1,4.3,24.0,46.1,25.7
27109,79839,85.0,73.7,11.3,4.6,4.5,1.0,0.7,4.2,2.5,17.2,50.5,29.8
27123,274046,83.5,74.2,9.3,6.5,2.3,0.9,1.0,5.6,3.5,24.3,43.4,28.8
27131,33670,79.4,73.9,5.5,0.1,3.0,0.8,0.6,16.1,0.9,13.1,43.2,42.8
27137,95257,88.2,79.1,9.1,2.2,4.6,0.6,0.3,4.1,2.6,18.0,40.0,39.4
27139,78293,90.2,83.1,7.0,2.3,0.8,0.0,0.3,6.4,1.1,10.1,48.3,40.5
27141,N,N,N,N,N,N,N,N,N,0.8,6.3,39.7,53.2
27145,82451,86.8,79.0,7.8,1.8,4.1,0.2,1.2,6.0,1.1,16.0,41.3,41.6
27163,132826,90.7,83.3,7.4,1.7,1.2,0.2,0.6,5.6,0.4,13.3,46.4,39.8
27171,68966,92.3,86.1,6.2,0.6,1.3,0.3,0.9,4.5,1.6,8.0,47.0,43.4
28033,N,N,N,N,N,N,N,N,N,1.3,15.9,46.8,36.0
28035,33084,89.5,79.0,10.5,0.0,0.7,0.0,8.5,1.3,1.4,24.7,40.1,33.8
28047,89373,89.6,81.9,7.8,0.7,4.7,0.4,1.8,2.6,3.2,23.2,40.3,33.3
28049,105369,95.6,84.4,11.2,0.5,1.6,0.2,0.6,1.4,2.3,22.2,41.3,34.2
28059,N,N,N,N,N,N,N,N,N,0.7,16.5,45.5,37.4
28067,N,N,N,N,N,N,N,N,N,2.5,19.9,31.8,45.8
28075,N,N,N,N,N,N,N,N,N,1.9,18.5,43.6,36.0
28081,N,N,N,N,N,N,N,N,N,2.7,17.0,46.2,34.0
28089,N,N,N,N,N,N,N,N,N,0.5,20.9,41.4,37.2
28121,72784,95.6,84.9,10.6,0.0,1.2,0.0,0.5,2.7,0.2,13.7,46.2,40.0
29019,91173,90.1,79.8,10.2,0.4,3.6,1.0,0.6,4.3,1.3,22.8,44.9,31.0
29021,39510,95.4,85.0,10.4,0.1,2.1,0.0,0.8,1.6,1.0,21.8,41.3,36.0
29031,N,N,N,N,N,N,N,N,N,1.4,18.4,45.7,34.5
29037,50899,94.9,87.4,7.5,0.1,0.5,0.2,0.4,3.9,1.2,12.1,46.1,40.6
29043,N,N,N,N,N,N,N,N,N,0.0,14.8,39.1,46.1
29047,124791,92.1,85.1,7.0,0.2,1.5,0.1,1.3,4.8,2.5,16.7,45.7,35.1
29051,N,N,N,N,N,N,N,N,N,2.5,15.0,45.7,36.8
29071,N,N,N,N,N,N,N,N,N,1.8,16.2,37.0,45.1
29077,136067,90.3,81.2,9.0,0.6,1.8,0.7,1.1,5.5,2.1,20.4,47.5,30.1
29095,340746,90.9,83.3,7.6,2.1,1.3,0.2,0.8,4.7,3.7,26.2,40.6,29.6
29097,55346,94.1,83.3,10.7,0.2,1.3,0.2,1.6,2.7,2.1,22.9,47.8,27.2
29099,108379,94.7,86.5,8.2,0.1,0.4,0.0,0.4,4.3,1.7,14.6,38.3,45.4
29165,52797,92.1,84.4,7.7,0.9,0.6,0.1,0.0,6.4,1.8,15.7,41.9,40.6
29183,208801,91.5,85.4,6.2,0.1,0.5,0.1,0.5,7.2,0.9,12.6,43.2,43.4
29187,N,N,N,N,N,N,N,N,N,1.5,14.7,39.7,44.0
29189,489471,89.2,82.7,6.5,2.8,1.6,0.2,0.9,5.4,2.6,21.9,45.0,30.5
29510,154875,80.0,70.6,9.4,9.9,4.1,0.8,1.1,4.2,8.1,37.8,37.8,16.3
30013,37667,94.6,86.7,7.9,0.9,2.1,0.2,0.2,2.1,3.0,19.1,38.4,39.5
30029,45427,89.3,79.6,9.7,0.1,2.2,0.2,1.0,7.3,1.1,15.1,39.9,43.8
30031,59066,80.1,72.8,7.3,0.5,7.0,2.6,0.7,9.2,1.2,12.9,38.7,47.2
30049,33981,87.4,78.8,8.5,0.3,4.6,1.3,0.9,5.6,2.8,17.6,41.4,38.2
30063,62094,80.7,71.2,9.5,2.4,5.2,4.9,0.8,6.1,3.5,17.8,39.7,39.0
30111,79052,91.6,83.6,7.9,0.3,2.8,0.4,1.2,3.7,2.2,16.7,40.2,40.9
31055,281314,90.9,83.0,8.0,1.2,1.6,0.4,1.2,4.6,2.5,22.2,45.4,29.9
31109,168979,89.9,80.4,9.5,1.0,3.1,1.4,0.8,3.7,2.0,20.9,42.8,34.4
31153,96678,95.3,88.5,6.8,0.2,0.7,0.1,0.9,2.8,1.2,15.3,45.5,38.0
32003,994483,89.3,79.4,9.9,3.7,1.2,0.3,1.5,4.0,4.3,22.8,41.4,31.5
32031,224665,88.1,77.9,10.2,2.3,3.1,0.6,1.2,4.7,4.1,18.9,37.4,39.7
33005,37979,84.0,72.5,11.5,0.2,3.5,0.9,1.8,9.6,2.7,20.0,44.2,33.1
33009,43959,80.7,71.3,9.3,1.7,6.5,1.5,2.7,6.9,3.3,19.9,44.9,31.9
33011,222502,89.5,80.4,9.1,0.7,3.2,0.1,0.8,5.7,2.3,15.4,47.3,35.1
33013,75578,88.7,80.7,7.9,0.5,2.7,0.2,2.0,6.0,1.6,15.6,46.5,36.3
33015,171125,89.2,81.7,7.5,1.1,1.8,0.2,0.8,7.0,1.1,13.4,41.4,44.1
33017,68591,86.3,78.3,8.0,2.5,5.4,0.2,0.8,4.7,4.5,13.6,42.6,39.3
34001,121830,84.3,77.3,7.0,5.7,3.9,0.6,2.1,3.3,6.5,21.0,42.2,30.3
34003,470580,76.3,68.6,7.7,15.5,2.3,0.1,1.0,4.8,3.8,21.4,43.7,31.1
34005,225054,90.6,83.0,7.6,2.9,1.4,0.1,0.8,4.3,1.7,16.4,41.3,40.6
34007,246696,86.2,74.5,11.7,7.5,1.5,0.2,1.2,3.4,4.5,21.3,41.8,32.4
34009,43140,86.1,79.2,6.8,1.1,5.8,1.4,0.8,4.7,4.0,16.8,45.2,34.1
34011,59964,88.3,76.2,12.1,1.8,2.7,0.1,5.9,1.1,5.5,21.1,36.1,37.3
34013,359927,68.5,61.2,7.3,22.0,3.9,0.1,1.2,4.3,11.8,32.0,37.3,18.9
34015,148718,90.9,85.4,5.5,2.8,1.2,0.1,1.2,3.9,2.5,15.4,40.3,41.8
34017,350608,44.4,35.7,8.7,43.0,7.8,0.5,1.8,2.6,24.7,42.0,23.5,9.8
34019,65278,84.6,79.4,5.3,3.7,1.8,0.0,0.4,9.5,0.9,10.6,44.4,44.1
34021,175409,81.6,70.7,10.9,7.5,3.9,0.5,1.4,5.1,4.1,22.1,42.9,30.9
34023,400150,81.6,72.0,9.6,9.5,2.3,0.3,1.6,4.7,4.2,21.6,42.6,31.7
34025,314243,82.5,74.5,8.0,8.4,1.5,0.5,1.3,5.8,3.1,16.1,42.8,38.1
34027,255780,86.2,79.7,6.5,5.8,1.9,0.3,0.6,5.2,1.7,15.5,42.6,40.2
34029,245171,89.6,82.8,6.8,1.7,1.8,0.5,1.7,4.8,2.8,18.3,41.7,37.2
34031,241495,81.7,69.4,12.3,10.1,3.5,0.5,1.3,2.8,11.4,25.3,35.3,28.0
34033,29233,91.3,84.4,6.9,0.8,1.3,0.4,2.0,4.1,1.7,19.3,39.6,39.4
34035,172926,86.4,78.1,8.3,4.5,2.3,0.1,0.5,6.0,1.2,15.1,43.3,40.4
34037,71759,89.8,84.3,5.5,1.6,1.3,0.1,1.1,6.0,1.7,12.2,43.9,42.1
34039,274946,76.1,67.6,8.5,13.1,2.7,0.2,4.0,4.0,6.7,23.6,41.0,28.6
34041,55226,93.0,82.0,11.1,1.0,1.9,0.0,0.3,3.8,3.6,15.1,42.0,39.3
35001,317291,89.4,79.9,9.6,2.0,1.6,1.4,1.1,4.5,2.3,20.6,42.5,34.6
35005,27162,93.2,80.9,12.2,2.8,1.9,0.0,0.5,1.6,2.0,14.5,40.7,42.9
35013,88099,91.5,83.2,8.3,0.4,2.5,0.6,0.3,4.8,2.6,16.9,43.7,36.8
35025,N,N,N,N,N,N,N,N,N,2.7,17.2,35.9,44.2
35031,23298,84.2,76.3,7.9,1.1,4.6,0.2,1.1,8.8,7.9,24.0,36.7,31.4
35035,N,N,N,N,N,N,N,N,N,0.6,23.7,43.4,32.3
35043,59696,88.9,81.0,7.9,1.4,1.9,0.5,1.3,6.1,1.2,13.9,37.8,47.0
35045,45185,95.1,84.3,10.8,0.3,1.8,0.0,0.4,2.4,1.2,19.7,41.6,37.5
35049,70389,85.6,76.9,8.7,2.3,1.7,0.6,0.9,8.8,1.2,21.7,38.5,38.5
35061,N,N,N,N,N,N,N,N,N,0.2,17.7,31.1,51.0
36001,158099,82.8,74.8,8.0,5.6,5.0,0.7,1.2,4.6,7.4,24.4,42.6,25.6
36005,591367,27.4,23.2,4.2,60.1,7.3,0.4,1.5,3.3,47.1,35.2,13.6,4.1
36007,84201,90.0,81.4,8.6,2.4,3.5,0.3,0.8,3.0,3.6,23.9,38.8,33.7
36009,33312,89.8,82.1,7.7,0.4,5.6,0.0,0.9,3.4,2.8,21.7,48.8,26.6
36011,35902,90.4,83.9,6.5,0.8,5.1,0.0,1.0,2.7,3.3,18.1,46.9,31.7
36013,52224,90.7,82.2,8.5,0.3,3.1,0.6,0.7,4.7,4.8,20.4,50.5,24.4
36015,37067,93.4,80.7,12.6,0.9,3.3,0.6,0.1,1.7,3.5,23.8,42.4,30.3
36019,36758,91.6,81.1,10.5,0.2,1.9,0.7,3.7,1.9,4.7,21.2,38.9,35.2
36027,141502,82.4,75.3,7.2,5.7,4.1,0.4,1.0,6.3,3.2,21.4,40.2,35.1
36029,431593,89.4,81.9,7.5,4.1,2.4,0.4,0.6,3.0,5.2,25.3,43.1,26.4
36045,52825,84.1,77.8,6.3,0.3,9.4,0.0,2.8,3.4,4.7,22.4,48.6,24.3
36047,1206979,22.1,17.9,4.1,61.8,8.5,1.8,1.1,4.7,46.7,37.9,12.1,3.3
36051,28702,88.4,82.4,5.9,1.1,5.3,0.5,0.7,4.0,1.9,18.5,42.8,36.8
36053,34253,88.5,80.3,8.2,0.2,5.6,0.3,0.6,4.9,3.1,19.1,46.4,31.5
36055,357450,88.0,80.8,7.2,3.5,3.4,0.5,0.6,4.0,3.9,22.8,46.8,26.5
36059,669299,74.6,67.9,6.7,17.6,2.4,0.2,0.7,4.4,2.3,15.9,42.4,39.3
36061,883213,8.0,6.0,1.9,59.2,20.2,2.2,3.4,7.1,71.0,24.7,3.8,0.5
36063,99470,93.4,86.5,7.0,0.9,2.2,0.4,0.8,2.2,3.9,22.0,43.2,30.8
36065,98303,90.6,82.6,8.0,0.9,3.6,0.0,1.3,3.6,5.6,24.1,43.2,27.1
36067,221486,88.2,79.1,9.1,2.9,3.8,0.4,0.6,4.2,5.4,22.5,44.5,27.5
36069,53623,91.4,82.8,8.6,0.6,2.3,0.1,1.2,4.4,2.3,21.6,41.5,34.7
36071,175678,83.2,72.6,10.7,4.7,4.4,0.1,2.3,5.4,5.7,19.7,36.3,38.3
36075,51064,90.3,81.7,8.6,1.0,4.7,0.0,0.7,3.3,1.5,20.9,42.2,35.4
36079,46717,84.4,74.9,9.5,8.1,1.3,0.2,0.3,5.7,2.3,12.9,42.6,42.2
36081,1117422,38.1,31.3,6.7,52.1,5.9,0.5,0.8,2.6,28.4,38.0,22.6,11.0
36083,80277,86.9,79.0,7.9,4.4,4.5,0.1,0.8,3.3,5.6,20.8,39.2,34.4
36085,208190,63.5,56.7,6.8,30.3,2.5,0.0,0.8,2.9,9.0,27.7,38.8,24.5
36087,143192,80.5,68.4,12.1,8.0,3.6,0.2,2.2,5.6,6.3,19.5,38.8,35.5
36089,40647,86.1,77.0,9.1,0.6,7.0,0.2,0.7,5.4,4.5,23.1,42.8,29.6
36091,118808,91.3,84.4,6.9,1.0,1.9,0.0,0.6,5.2,1.0,18.9,47.6,32.5
36093,72713,88.5,82.3,6.3,5.4,1.9,0.4,0.6,3.2,4.9,19.6,44.2,31.3
36101,43189,89.3,78.6,10.7,0.5,6.0,0.6,1.0,2.7,5.6,21.9,44.0,28.5
36103,731785,87.8,79.5,8.2,5.7,1.4,0.3,1.0,3.9,2.0,12.9,37.6,47.4
36105,N,N,N,N,N,N,N,N,N,0.6,23.9,39.4,36.1
36109,50200,71.4,62.5,8.9,6.5,14.0,2.0,0.5,5.6,5.6,26.6,43.0,24.8
36111,84042,84.6,78.0,6.6,2.3,4.0,0.5,1.0,7.6,2.8,21.2,42.3,33.6
36113,31997,91.6,83.5,8.0,0.4,2.5,1.3,0.5,3.7,3.8,20.0,41.7,34.5
36117,44223,92.7,83.2,9.5,0.1,3.1,0.0,0.6,3.5,2.7,16.4,43.9,37.0
36119,465648,65.8,58.3,7.6,22.6,4.7,0.2,1.3,5.4,7.4,25.1,40.3,27.2
37001,75833,95.1,87.7,7.4,0.0,1.6,0.8,0.3,2.2,2.1,19.5,38.1,40.4
37019,44513,88.2,79.5,8.6,0.1,2.1,0.0,1.8,7.7,3.4,18.6,44.7,33.3
37021,121687,87.5,79.4,8.0,0.6,2.4,0.5,0.7,8.2,0.9,19.8,46.7,32.7
37023,N,N,N,N,N,N,N,N,N,0.2,19.7,40.5,39.6
37025,96408,92.8,84.1,8.7,0.2,1.0,0.0,0.7,5.3,1.4,15.0,41.6,42.0
37027,N,N,N,N,N,N,N,N,N,2.5,20.3,31.9,45.2
37031,28065,90.9,80.6,10.4,0.1,0.8,1.4,1.6,5.2,1.3,20.1,46.1,32.6
37035,70429,94.2,86.3,7.8,0.1,0.9,0.0,1.9,2.9,1.6,17.5,40.5,40.4
37037,N,N,N,N,N,N,N,N,N,0.9,10.7,45.6,42.8
37045,N,N,N,N,N,N,N,N,N,3.9,17.8,37.3,41.0
37049,45781,91.1,82.0,9.1,0.5,2.0,0.1,2.6,3.8,4.8,18.5,42.9,33.8
37051,144486,89.6,80.9,8.6,0.6,3.9,0.1,1.6,4.2,2.7,28.9,39.7,28.7
37057,73527,94.0,83.5,10.5,0.7,1.2,0.0,0.9,3.1,2.6,16.6,33.7,47.2
37063,157309,86.6,76.6,10.0,4.5,2.3,0.5,1.5,4.6,4.5,27.5,41.5,26.5
37067,168335,91.4,82.8,8.6,0.8,1.7,0.1,1.2,4.8,3.2,21.2,40.1,35.5
37071,97973,94.0,85.4,8.7,0.2,0.7,0.0,1.7,3.4,1.8,20.5,41.4,36.3
37081,242239,90.8,81.9,8.9,1.2,1.4,0.2,0.8,5.7,2.5,26.1,39.0,32.5
37085,56737,94.4,86.4,8.0,0.6,1.0,0.0,0.7,3.3,1.9,14.6,40.5,43.0
37089,51040,88.9,78.7,10.2,0.3,1.3,0.3,0.3,8.9,1.2,18.6,42.1,38.0
37097,81650,90.9,80.5,10.4,0.5,0.6,0.1,1.1,6.8,2.5,17.3,39.7,40.5
37101,N,N,N,N,N,N,N,N,N,1.4,13.5,44.2,40.8
37109,N,N,N,N,N,N,N,N,N,0.6,11.5,38.3,49.6
37119,541474,87.1,77.9,9.2,2.6,1.8,0.0,1.1,7.4,2.3,24.1,46.1,27.5
37125,N,N,N,N,N,N,N,N,N,0.3,16.7,46.1,36.9
37127,42998,96.3,86.6,9.7,0.4,1.1,0.2,0.6,1.5,2.6,17.1,35.2,45.1
37129,101540,89.9,83.2,6.7,0.6,1.7,0.6,0.6,6.6,1.9,22.9,49.3,25.8
37133,90699,88.7,75.1,13.6,0.2,6.6,0.7,1.2,2.6,3.6,20.7,48.9,26.9
37135,71983,71.8,66.3,5.5,7.6,7.3,1.2,1.8,10.3,1.9,22.1,46.2,29.8
37147,82087,93.3,84.8,8.5,0.6,0.6,0.1,1.4,3.9,3.8,21.8,39.3,35.1
37151,63703,94.3,86.2,8.1,0.9,0.7,0.0,1.1,3.0,2.7,16.2,37.4,43.7
37155,50383,96.6,86.4,10.2,0.1,1.3,0.2,0.6,1.2,4.0,21.2,34.4,40.3
37157,N,N,N,N,N,N,N,N,N,1.2,20.2,40.6,38.0
37159,60398,94.7,84.6,10.0,0.5,1.0,0.0,0.7,3.1,1.8,18.9,35.2,44.1
37161,N,N,N,N,N,N,N,N,N,1.7,20.4,33.3,44.6
37171,N,N,N,N,N,N,N,N,N,4.0,14.5,34.0,47.5
37179,107596,89.6,80.7,8.9,0.5,1.4,0.0,1.1,7.4,0.5,11.3,43.3,44.9
37183,548950,87.7,79.6,8.1,1.3,1.1,0.4,1.0,8.5,1.5,18.9,47.0,32.6
37191,49894,93.7,83.1,10.6,0.2,1.8,0.2,0.4,3.7,2.5,18.3,35.8,43.4
37193,N,N,N,N,N,N,N,N,N,2.1,11.8,34.6,51.5
37195,34885,86.2,74.0,12.2,0.3,2.9,0.2,7.4,2.8,2.2,25.4,38.1,34.2
38015,50846,93.7,85.8,7.9,0.6,1.0,0.2,0.7,3.7,0.3,18.1,45.9,35.7
38017,102248,92.1,82.5,9.5,0.7,2.6,0.7,0.6,3.4,2.0,18.3,48.9,30.9
38035,39618,90.9,81.8,9.1,0.2,2.8,2.8,0.8,2.5,1.8,20.7,47.7,29.9
38101,40177,92.3,80.7,11.7,0.7,2.0,0.1,0.3,4.6,1.9,19.2,41.4,37.4
39003,47342,93.1,88.0,5.1,1.1,2.1,0.0,1.0,2.6,1.6,20.1,39.9,38.5
39007,38661,95.0,88.2,6.8,0.2,0.9,0.0,1.7,2.2,4.1,17.5,40.3,38.1
39009,N,N,N,N,N,N,N,N,N,7.4,22.0,31.2,39.5
39013,N,N,N,N,N,N,N,N,N,1.5,16.3,38.1,44.1
39017,177503,90.3,84.0,6.4,0.5,2.7,0.2,0.8,5.4,1.5,16.4,43.6,38.5
39023,60804,92.5,82.2,10.3,0.7,2.2,0.9,0.8,2.9,4.0,21.5,39.4,35.1
39025,101541,93.4,84.6,8.8,0.5,0.7,0.1,0.5,4.8,1.5,12.6,46.1,39.8
39029,45150,93.3,85.9,7.4,0.2,2.2,0.0,1.1,3.2,1.1,16.7,35.9,46.2
39035,579624,86.6,78.6,7.9,4.8,2.9,0.5,0.7,4.6,4.5,26.6,43.8,25.1
39041,99311,89.8,85.8,4.0,0.2,1.3,0.1,0.7,7.8,0.2,12.9,46.0,40.8
39043,N,N,N,N,N,N,N,N,N,2.9,18.3,42.2,36.5
39045,71759,93.4,84.5,8.9,0.3,1.4,0.3,0.7,3.9,1.4,15.6,36.6,46.5
39049,646789,88.7,81.2,7.5,2.2,2.7,0.5,1.3,4.7,2.7,25.7,45.7,26.0
39055,46418,85.1,77.7,7.4,0.6,1.8,0.0,2.9,9.6,12.2,7.5,33.1,47.2
39057,74676,91.6,85.3,6.3,0.3,3.4,0.2,0.6,3.9,1.3,19.1,40.1,39.5
39061,394862,87.1,80.1,7.0,3.7,2.7,0.3,0.6,5.6,4.5,23.9,42.9,28.7
39063,N,N,N,N,N,N,N,N,N,3.3,20.1,42.7,33.9
39081,26494,89.0,82.0,7.0,1.6,4.5,0.0,0.8,4.1,4.1,18.5,41.0,36.5
39085,116152,94.5,88.1,6.4,0.9,0.8,0.1,0.5,3.2,1.9,19.0,45.2,33.9
39089,82399,91.0,82.2,8.8,0.2,2.1,0.0,1.8,4.9,1.7,14.0,42.1,42.2
39093,138371,91.4,83.1,8.3,0.7,2.2,0.1,1.9,3.7,1.9,18.4,46.3,33.5
39095,197702,92.1,85.3,6.8,1.7,2.1,0.3,1.1,2.8,3.0,26.9,41.8,28.2
39099,98572,92.2,85.3,6.9,0.9,0.9,0.0,1.9,4.0,2.4,20.2,45.0,32.4
39101,N,N,N,N,N,N,N,N,N,3.9,17.9,42.5,35.8
39103,92702,93.7,88.1,5.6,0.4,0.8,0.0,0.7,4.4,1.2,13.0,47.9,37.9
39109,50312,93.0,86.0,7.0,0.2,2.6,0.2,1.3,2.8,2.1,13.6,41.9,42.4
39113,241723,89.6,81.4,8.1,2.7,3.0,0.2,0.6,3.8,4.0,23.2,41.9,30.9
39119,37612,94.6,87.7,7.0,0.2,1.5,0.1,1.0,2.5,1.1,17.1,35.1,46.7
39133,78267,91.2,84.9,6.4,0.4,2.5,0.1,0.3,5.4,1.4,17.2,42.5,38.9
39139,49930,94.5,84.7,9.8,1.0,1.1,0.2,0.8,2.4,2.9,20.4,39.6,37.1
39141,N,N,N,N,N,N,N,N,N,2.8,17.6,37.6,41.9
39145,N,N,N,N,N,N,N,N,N,2.1,16.2,34.6,47.1
39151,174563,92.7,85.5,7.2,1.1,1.4,0.3,0.4,4.0,2.8,18.2,43.2,35.8
39153,257035,92.5,86.2,6.3,1.4,1.8,0.1,0.5,3.8,2.6,22.3,42.7,32.4
39155,87063,94.0,87.8,6.2,0.9,1.0,0.1,1.0,3.1,3.6,17.3,46.0,33.1
39157,43164,90.2,81.8,8.5,0.2,1.9,0.9,1.9,4.9,1.7,19.1,40.8,38.4
39165,N,N,N,N,N,N,N,N,N,1.1,12.8,44.4,41.6
39169,55358,88.3,78.3,10.0,0.6,4.4,0.8,2.4,3.5,6.0,12.8,39.3,41.8
39173,68339,90.5,83.4,7.1,0.0,5.1,0.5,0.6,3.2,1.9,19.5,39.8,38.8
40017,67198,93.2,86.1,7.1,0.7,0.9,0.2,1.3,3.6,1.9,14.4,40.5,43.2
40027,138996,92.8,84.2,8.6,0.2,1.7,1.1,1.2,3.0,0.8,17.9,44.3,37.0
40031,55642,80.9,71.4,9.6,2.5,1.5,0.1,1.4,13.6,3.8,23.7,43.6,28.9
40037,28319,91.1,84.2,7.0,0.5,1.0,0.4,0.5,6.5,0.6,15.0,46.9,37.5
40101,25931,92.6,82.6,10.0,0.2,2.6,0.3,2.4,2.0,2.2,21.2,43.2,33.4
40109,365385,92.6,82.5,10.2,0.5,1.5,0.3,0.9,4.2,1.8,24.6,43.7,30.0
40119,36057,88.1,82.4,5.7,1.5,5.5,1.1,0.4,3.4,0.9,22.9,46.5,29.8
40125,27964,90.6,82.7,7.8,0.0,3.9,0.0,3.7,1.9,1.8,18.5,39.2,40.5
40131,42982,94.4,86.4,8.0,0.1,0.6,0.2,1.0,3.7,0.7,13.0,37.7,48.6
40143,304874,92.5,82.6,9.9,0.6,1.1,0.1,1.5,4.2,2.7,23.3,44.5,29.4
40145,36188,92.9,83.9,9.1,0.0,0.3,0.1,1.9,4.7,1.3,13.8,40.9,44.0
41003,40720,73.6,66.4,7.2,1.5,9.6,9.1,1.4,4.9,1.5,23.7,36.2,38.6
41005,199405,83.8,74.0,9.8,3.4,2.2,0.7,1.1,8.8,1.6,14.8,40.1,43.4
41017,87159,84.8,75.0,9.8,0.2,3.3,1.6,1.1,9.1,1.6,12.3,46.5,39.6
41019,40356,91.2,82.0,9.3,0.3,1.6,0.3,0.9,5.6,1.4,19.7,33.1,45.8
41029,94455,86.4,76.9,9.6,0.2,1.7,2.0,1.3,8.4,1.5,16.1,44.8,37.6
41033,30794,86.9,76.0,11.0,0.9,5.5,0.3,1.9,4.6,1.9,17.8,34.5,45.8
41035,25161,89.6,81.3,8.3,0.8,3.1,0.2,1.1,5.2,2.8,16.3,38.6,42.3
41039,166336,82.6,73.7,8.9,2.4,4.6,3.5,1.2,5.6,4.2,19.7,40.0,36.2
41043,51311,90.8,81.4,9.4,0.0,1.3,1.3,1.9,4.7,1.4,17.8,36.8,44.0
41047,147825,89.3,76.8,12.4,2.0,2.8,0.8,1.0,4.1,1.8,19.2,45.7,33.3
41051,425842,69.8,61.2,8.7,11.6,5.1,5.2,0.9,7.4,5.1,29.5,39.5,25.9
41053,35121,88.6,78.0,10.5,0.2,4.9,0.4,0.6,5.3,1.3,12.6,46.8,39.2
41059,N,N,N,N,N,N,N,N,N,2.8,18.0,42.1,37.1
41067,297282,84.1,73.9,10.2,5.9,2.2,0.9,1.0,6.0,2.1,19.9,45.7,32.3
41071,48041,87.5,77.2,10.2,0.5,3.6,0.3,1.2,6.9,1.8,16.1,40.5,41.5
42001,48988,91.2,82.7,8.5,0.4,3.0,0.2,0.5,4.7,2.4,14.1,37.5,45.9
42003,617077,79.5,71.1,8.5,9.9,3.9,0.7,1.0,5.0,6.1,27.2,42.8,23.9
42005,28408,94.1,86.3,7.7,0.1,2.8,0.0,0.5,2.6,1.7,19.2,42.3,36.8
42007,81359,91.1,81.8,9.2,1.9,2.4,0.0,0.9,3.8,1.9,21.3,42.6,34.1
42011,199503,89.7,81.0,8.7,1.4,2.9,0.2,1.6,4.0,3.9,18.2,38.4,39.4
42013,54250,92.2,82.6,9.6,0.8,2.9,0.2,1.1,2.7,2.4,19.3,45.6,32.7
42017,318854,88.5,82.1,6.5,3.6,1.7,0.3,0.6,5.3,1.8,15.6,42.7,39.9
42019,90715,89.6,82.9,6.7,0.4,2.9,0.1,0.6,6.4,2.1,16.4,45.1,36.4
42021,55033,93.4,83.7,9.7,0.8,2.2,0.1,1.0,2.6,2.9,21.4,43.6,32.1
42025,28887,93.7,81.5,12.2,0.5,2.3,0.2,0.1,3.2,1.1,15.1,43.7,40.1
42027,74918,75.8,67.1,8.7,4.2,10.0,2.3,1.8,6.0,4.9,19.9,46.1,29.1
42029,263186,84.7,78.0,6.7,3.0,3.0,0.1,0.9,8.4,1.8,15.4,45.0,37.8
42033,33191,94.1,82.7,11.4,0.4,3.0,0.0,0.7,1.9,3.3,18.4,42.1,36.2
42037,30853,92.0,86.3,5.8,0.0,3.3,0.0,0.8,3.8,1.6,15.9,47.4,35.1
42039,37132,87.9,77.9,10.0,0.2,5.6,0.3,1.7,4.4,5.0,18.9,44.5,31.6
42041,122139,89.0,80.9,8.1,0.5,3.4,0.7,0.8,5.6,2.7,19.1,43.0,35.2
42043,134399,88.0,79.4,8.6,3.0,2.1,0.5,2.3,4.1,3.3,25.5,43.7,27.5
42045,268153,79.9,72.7,7.2,10.6,3.9,0.1,0.6,4.9,4.4,22.8,43.2,29.6
42049,126310,91.0,80.0,11.1,1.7,3.1,0.2,0.5,3.4,3.5,24.0,43.6,28.8
42051,52788,93.3,87.3,6.0,0.4,1.9,0.0,0.2,4.2,4.5,17.8,37.8,39.8
42055,70415,92.1,82.1,10.0,0.5,1.9,0.0,0.4,5.1,2.1,14.5,43.1,40.4
42063,35675,86.6,79.0,7.6,0.4,7.4,0.4,1.1,4.1,6.3,20.1,45.3,28.4
42069,96521,90.4,79.0,11.4,0.6,4.6,0.1,0.6,3.6,3.1,23.6,43.9,29.4
42071,265376,88.7,79.5,9.2,1.3,3.7,0.7,1.0,4.6,6.9,14.5,44.0,34.6
42073,39008,91.7,81.7,10.0,0.5,2.7,0.0,0.7,4.5,4.3,17.0,43.0,35.7
42075,64597,90.3,83.9,6.4,0.8,5.2,0.3,0.2,3.2,2.0,20.2,42.3,35.6
42077,173585,88.6,79.8,8.9,2.1,2.4,0.2,0.8,5.8,3.5,21.3,41.1,34.0
42079,143022,91.1,81.3,9.7,1.1,2.9,0.2,0.6,4.2,2.5,23.8,40.7,33.0
42081,52344,89.6,80.0,9.6,1.7,2.8,0.6,0.8,4.4,4.0,19.1,43.9,33.0
42085,49059,90.1,80.4,9.7,0.2,3.9,0.4,1.2,4.3,2.8,20.0,43.8,33.5
42089,75269,89.0,78.5,10.4,4.3,1.2,0.0,1.3,4.2,1.3,22.4,37.6,38.7
42091,416740,85.0,78.7,6.3,5.3,2.3,0.2,0.6,6.6,2.2,18.2,47.0,32.7
42095,148255,88.2,81.9,6.4,2.4,2.9,0.1,1.8,4.6,2.1,17.2,40.9,39.8
42097,42785,92.7,83.0,9.7,0.1,2.8,0.0,0.3,4.2,3.2,20.2,40.8,35.8
42101,662522,59.7,50.7,9.0,24.0,8.3,2.2,1.4,4.4,17.2,37.9,30.4,14.5
42107,61372,93.9,83.3,10.6,0.3,2.7,0.1,0.5,2.5,4.0,18.4,41.2,36.4
42111,30793,89.2,81.4,7.8,0.1,3.8,0.0,2.0,4.9,3.0,15.8,44.2,37.0
42125,94829,91.5,82.4,9.0,1.2,2.4,0.2,0.4,4.3,2.5,16.5,45.8,35.3
42129,166218,91.4,83.4,8.0,1.7,1.9,0.0,0.5,4.6,2.5,17.7,45.0,34.7
42133,214094,93.4,86.1,7.3,0.8,1.6,0.1,0.5,3.6,1.8,15.7,43.8,38.7
44003,84240,94.1,86.4,7.8,0.9,1.0,0.2,0.3,3.5,1.2,19.1,48.0,31.6
44005,40638,83.9,76.2,7.7,1.8,5.5,0.7,0.6,7.5,2.2,21.9,47.9,27.9
44007,299509,88.0,78.6,9.4,3.3,4.2,0.2,0.9,3.4,3.8,25.7,42.3,28.2
44009,61426,88.5,82.6,6.0,1.2,2.9,0.3,1.2,5.9,1.4,16.4,45.8,36.4
45003,67330,96.3,85.9,10.5,0.2,0.9,0.0,0.4,2.1,1.4,19.6,43.6,35.4
45007,84591,93.9,85.7,8.2,0.2,1.9,0.2,0.5,3.3,1.7,17.8,38.2,42.3
45013,81093,88.6,78.8,9.8,0.3,1.5,0.3,1.4,7.8,2.4,23.8,44.5,29.3
45015,100001,91.9,80.6,11.2,0.5,2.3,0.2,1.4,3.8,1.3,20.1,43.6,35.0
45019,198406,86.1,78.1,8.0,1.1,3.3,1.2,1.0,7.3,3.0,24.2,46.4,26.4
45031,N,N,N,N,N,N,N,N,N,3.1,19.4,42.2,35.3
45035,69999,94.4,88.0,6.5,0.3,0.6,0.4,0.5,3.9,0.5,20.3,44.3,35.0
45041,59746,96.5,87.5,9.0,0.3,0.7,0.0,0.5,2.0,2.0,18.7,43.3,36.0
45045,237621,92.9,83.1,9.9,0.3,1.3,0.0,1.1,4.4,1.5,20.6,44.6,33.2
45047,N,N,N,N,N,N,N,N,N,3.4,27.1,38.7,30.8
45051,142566,91.5,84.1,7.4,0.3,2.5,0.1,1.3,4.3,1.7,21.9,45.5,30.9
45057,N,N,N,N,N,N,N,N,N,2.0,15.9,46.6,35.5
45059,N,N,N,N,N,N,N,N,N,4.3,21.2,37.5,37.1
45063,135052,93.7,84.9,8.8,0.2,0.3,0.0,2.3,3.5,1.5,17.8,42.4,38.4
45073,31936,91.1,81.8,9.3,1.4,1.5,0.0,1.4,4.5,3.1,19.2,36.5,41.3
45075,35137,94.1,83.8,10.4,0.5,0.9,0.0,1.1,3.4,1.1,20.2,35.1,43.6
45077,N,N,N,N,N,N,N,N,N,2.2,17.0,40.1,40.7
45079,197953,84.6,76.2,8.4,0.9,8.1,0.3,2.8,3.4,2.9,25.6,44.1,27.4
45083,136539,93.4,85.3,8.1,1.0,1.2,0.3,1.2,2.9,2.1,19.8,39.3,38.8
45085,43734,94.1,84.8,9.3,0.4,2.4,0.1,1.2,1.8,4.0,19.9,42.6,33.5
45091,124719,92.6,83.6,9.0,0.2,0.8,0.1,0.5,5.8,1.3,15.6,44.1,38.9
46099,102473,91.6,83.3,8.3,0.9,3.2,0.2,0.3,3.8,1.2,18.4,44.9,35.5
46103,51864,89.6,83.3,6.4,0.3,2.7,0.7,1.4,5.3,2.5,18.5,39.6,39.5
47001,N,N,N,N,N,N,N,N,N,1.0,19.1,44.4,35.5
47009,59291,93.7,84.7,9.0,0.0,0.2,0.0,0.7,5.3,1.0,15.2,42.4,41.5
47011,N,N,N,N,N,N,N,N,N,2.0,21.3,40.3,36.4
47037,362855,88.1,78.5,9.6,2.0,2.2,0.2,0.9,6.7,2.2,25.5,45.5,26.7
47059,N,N,N,N,N,N,N,N,N,1.9,15.6,28.8,53.7
47065,159114,91.9,83.0,8.8,1.0,1.9,0.2,0.6,4.5,2.1,20.8,38.2,39.0
47093,225892,90.9,83.7,7.2,0.5,1.9,0.1,0.6,5.9,1.6,19.6,42.4,36.4
47113,N,N,N,N,N,N,N,N,N,3.2,20.4,39.9,36.4
47119,40326,94.5,90.0,4.5,0.2,0.0,0.0,1.5,3.7,1.3,17.0,43.0,38.7
47125,88739,94.5,88.9,5.6,0.8,1.1,0.0,0.4,3.2,0.7,22.7,44.6,32.0
47141,N,N,N,N,N,N,N,N,N,1.0,20.1,48.3,30.6
47147,N,N,N,N,N,N,N,N,N,1.9,14.5,35.5,48.1
47149,159069,93.4,85.1,8.4,0.2,0.7,0.2,0.4,5.0,0.7,14.5,41.4,43.4
47155,N,N,N,N,N,N,N,N,N,1.5,18.7,35.5,44.3
47157,422897,92.1,81.9,10.1,1.5,1.5,0.1,1.0,3.8,3.7,27.1,39.3,30.0
47163,66133,93.2,86.4,6.8,0.2,1.2,0.1,1.7,3.5,0.8,17.2,38.2,43.8
47165,88419,92.7,85.2,7.5,0.3,0.5,0.1,1.3,5.2,0.6,16.5,44.6,38.3
47179,58736,92.6,85.6,7.0,0.7,0.8,0.0,1.9,4.0,1.5,20.5,41.5,36.5
47187,106777,87.9,81.1,6.8,0.7,1.2,0.0,1.5,8.7,0.4,11.2,47.0,41.4
47189,N,N,N,N,N,N,N,N,N,0.9,13.2,37.8,48.1
48005,N,N,N,N,N,N,N,N,N,1.7,21.5,48.5,28.3
48021,N,N,N,N,N,N,N,N,N,2.3,13.3,36.9,47.5
48027,155182,92.7,81.6,11.1,0.8,2.0,0.2,0.5,3.9,2.2,21.0,47.1,29.7
48029,891648,89.4,78.3,11.1,2.8,1.9,0.2,1.4,4.3,2.8,21.6,41.6,34.0
48037,N,N,N,N,N,N,N,N,N,2.4,26.0,36.2,35.4
48039,159779,96.2,87.1,9.2,0.1,0.9,0.0,0.7,2.1,1.3,13.0,46.5,39.1
48041,103220,89.3,79.8,9.5,2.3,2.0,2.1,0.6,3.7,2.5,22.5,37.4,37.5
48061,153471,93.5,85.1,8.4,0.9,1.2,0.3,2.0,2.2,1.8,26.3,36.2,35.7
48085,480355,88.4,81.7,6.7,1.1,0.8,0.1,1.0,8.6,0.9,18.0,46.9,34.1
48091,63515,86.9,78.5,8.4,0.1,2.1,0.2,0.7,10.0,0.8,12.9,47.0,39.3
48099,29720,84.0,75.6,8.4,0.1,8.9,0.0,1.1,5.9,0.9,22.2,44.9,32.0
48113,1263865,89.9,79.0,10.9,2.6,1.4,0.1,1.5,4.4,3.0,23.9,41.1,32.0
48121,430474,88.1,79.6,8.5,1.0,1.2,0.2,1.0,8.5,0.7,17.1,47.2,35.1
48135,70305,96.2,81.1,15.1,0.4,1.5,0.1,0.1,1.7,2.3,24.6,39.5,33.7
48139,80164,92.3,83.4,8.9,0.4,1.5,0.0,0.6,5.3,0.9,12.7,39.8,46.7
48141,358230,91.9,81.2,10.7,1.7,1.7,0.3,1.3,3.2,2.5,20.4,36.8,40.2
48157,339225,91.6,82.7,8.9,1.8,0.5,0.1,0.9,5.1,0.9,11.7,44.8,42.6
48167,150503,91.1,80.8,10.3,0.8,2.1,0.6,0.9,4.6,1.7,18.0,41.2,39.1
48181,58380,91.4,79.8,11.6,0.0,1.7,0.4,2.0,4.5,2.8,21.4,35.2,40.5
48183,53407,91.9,86.0,5.9,0.0,2.1,0.1,0.8,5.1,1.7,21.5,47.0,29.8
48187,71983,93.2,86.7,6.5,0.2,0.7,0.0,1.3,4.5,0.4,12.8,47.0,39.8
48201,2162106,90.5,79.8,10.6,2.4,1.6,0.3,1.5,3.8,2.5,24.8,41.4,31.4
48203,N,N,N,N,N,N,N,N,N,0.7,21.4,44.3,33.6
48209,105731,85.9,78.2,7.7,1.2,2.7,0.5,1.8,8.0,0.3,17.1,45.8,36.7
48213,31277,94.3,80.5,13.8,0.0,2.4,0.0,0.7,2.7,1.8,17.5,43.0,37.6
48215,308693,89.5,82.0,7.5,0.4,1.2,0.0,3.8,5.0,1.9,22.7,41.3,34.1
48231,41883,91.3,78.4,12.9,0.1,2.2,0.0,1.4,5.1,2.6,18.2,36.9,42.2
48245,104822,96.2,90.4,5.8,1.1,0.5,0.1,1.2,1.0,2.4,27.1,42.1,28.4
48251,73388,96.0,89.9,6.2,0.0,1.1,0.1,0.4,2.4,0.5,17.3,49.9,32.3
48257,53847,94.0,84.0,10.0,0.1,0.5,0.4,1.1,4.0,3.2,12.1,39.4,45.3
48291,N,N,N,N,N,N,N,N,N,1.2,20.7,43.0,35.2
48303,142400,93.8,81.7,12.1,0.8,1.6,0.7,0.6,2.5,2.2,24.3,45.0,28.6
48309,113420,92.5,81.2,11.3,0.3,1.8,0.3,1.4,3.7,2.8,20.6,40.2,36.4
48329,79049,94.1,84.3,9.8,0.3,1.7,0.0,1.1,2.8,1.1,23.9,38.5,36.5
48339,253107,90.2,81.5,8.6,0.9,0.8,0.1,1.4,6.6,1.8,17.1,46.4,34.8
48347,N,N,N,N,N,N,N,N,N,2.6,18.0,44.9,34.5
48355,165439,91.9,82.7,9.2,1.8,2.2,0.2,1.2,2.7,3.6,24.0,40.6,31.8
48361,36301,94.4,85.5,8.9,0.4,1.8,0.3,1.9,1.2,2.4,24.6,40.1,32.8
48367,N,N,N,N,N,N,N,N,N,0.8,10.7,47.7,40.9
48375,50316,95.9,79.3,16.7,0.5,2.0,0.1,0.4,1.1,1.6,27.2,41.8,29.4
48381,70326,94.1,82.6,11.5,0.6,1.2,0.1,0.8,3.2,0.6,18.5,43.2,37.6
48397,N,N,N,N,N,N,N,N,N,0.7,9.3,48.9,41.1
48409,N,N,N,N,N,N,N,N,N,2.3,22.8,43.5,31.3
48423,94882,93.6,81.1,12.5,0.2,0.8,0.4,0.4,4.6,1.5,21.4,40.5,36.6
48439,979051,92.3,81.9,10.4,0.5,1.1,0.2,0.8,5.0,1.2,19.3,44.2,35.3
48441,63506,89.1,78.2,10.9,1.3,2.3,0.0,0.6,6.7,3.2,22.4,49.3,25.1
48451,58621,89.1,80.0,9.0,0.4,3.5,0.1,2.4,4.5,2.7,27.5,42.8,26.9
48453,662881,83.0,73.3,9.7,3.1,1.8,1.2,1.3,9.5,2.7,25.2,44.4,27.8
48469,44261,91.0,75.9,15.2,1.0,1.4,0.4,1.7,4.4,2.6,25.8,40.6,31.0
48471,N,N,N,N,N,N,N,N,N,4.9,21.2,43.2,30.7
48479,99093,92.3,82.3,10.1,1.0,1.9,0.1,1.9,2.7,1.5,21.9,39.4,37.2
48485,62052,84.2,78.4,5.8,1.1,7.9,0.1,3.2,3.6,1.3,26.3,47.7,24.7
48491,261272,89.9,81.7,8.2,0.7,1.0,0.1,0.4,7.8,0.9,15.5,48.5,35.1
49005,59356,86.0,73.9,12.1,2.4,3.2,1.4,0.8,6.3,1.7,12.5,36.7,49.1
49011,161995,91.2,79.4,11.7,2.2,1.0,0.2,0.7,4.7,0.5,9.5,41.8,48.2
49035,573972,85.2,74.7,10.6,4.7,2.6,0.7,1.0,5.8,2.3,17.2,40.7,39.8
49049,267782,84.1,73.3,10.8,1.7,4.7,0.7,1.5,7.3,1.4,11.8,36.1,50.7
49053,63683,87.0,73.6,13.4,0.4,2.7,0.9,1.1,7.9,0.5,14.5,36.0,49.0
49057,117013,91.3,81.9,9.4,1.5,1.8,0.6,0.8,3.9,2.5,11.2,41.9,44.3
50007,88146,79.1,72.7,6.4,3.2,8.8,1.8,1.6,5.6,2.8,22.9,48.3,26.0
51003,52610,85.1,76.1,9.0,2.4,2.5,0.7,2.6,6.7,2.9,19.8,42.2,35.0
51013,146106,58.8,51.6,7.2,26.0,6.2,2.4,0.9,5.7,8.9,39.3,35.5,16.3
51015,N,N,N,N,N,N,N,N,N,1.4,15.2,30.5,52.9
51019,N,N,N,N,N,N,N,N,N,1.2,9.8,36.2,52.7
51041,171113,92.2,85.5,6.7,0.7,0.7,0.2,1.0,5.2,1.0,15.0,39.8,44.2
51059,605893,80.7,70.9,9.9,8.7,1.9,0.3,1.6,6.7,2.3,18.6,43.3,35.8
51061,34671,86.8,78.4,8.3,1.1,1.0,0.0,2.7,8.5,0.7,10.0,32.3,57.0
51069,N,N,N,N,N,N,N,N,N,1.6,11.2,37.4,49.9
51085,N,N,N,N,N,N,N,N,N,0.4,9.2,39.4,51.0
51087,167137,91.6,82.0,9.6,1.3,0.7,0.0,1.0,5.3,2.7,20.1,42.7,34.5
51095,N,N,N,N,N,N,N,N,N,1.6,18.1,42.2,38.1
51107,209293,86.2,76.3,9.9,3.4,1.2,0.1,1.0,8.2,0.7,10.7,47.8,40.9
51121,49028,84.4,75.4,9.1,3.0,9.3,0.6,0.2,2.4,0.9,20.4,39.2,39.5
51153,230549,88.8,77.6,11.2,4.1,0.8,0.0,2.3,4.0,1.1,14.9,38.9,45.1
51161,N,N,N,N,N,N,N,N,N,1.9,16.1,37.4,44.6
51165,36785,88.0,79.1,9.0,0.1,4.3,0.5,1.5,5.6,3.3,13.0,36.5,47.2
51177,64015,90.6,76.4,14.1,1.9,0.3,0.5,0.5,6.2,0.9,11.2,34.2,53.7
51179,72713,88.2,75.7,12.4,4.3,1.7,0.0,1.1,4.7,0.6,9.1,40.5,49.8
51199,N,N,N,N,N,N,N,N,N,1.2,9.6,42.3,46.8
51510,95776,67.2,59.6,7.5,21.8,3.0,0.9,1.8,5.3,6.1,43.4,40.3,10.3
51550,117345,93.2,82.9,10.3,0.4,0.4,0.3,1.5,4.2,1.9,17.4,41.7,39.1
51650,64572,90.7,82.9,7.9,3.4,1.8,0.5,2.0,1.6,3.5,27.0,40.4,29.1
51680,36482,87.2,71.2,16.0,1.4,7.0,0.1,2.0,2.3,11.3,30.7,30.9,27.1
51700,90602,89.5,78.2,11.3,2.9,3.5,0.3,1.2,2.7,4.7,26.9,39.6,28.8
51710,128343,78.8,70.8,8.0,4.1,11.5,0.4,2.6,2.6,6.2,27.0,40.7,26.1
51740,45859,85.9,75.6,10.4,3.4,4.6,0.4,2.9,2.7,7.8,30.7,33.9,27.6
51760,111286,82.4,74.2,8.2,4.2,6.3,2.2,1.3,3.6,7.8,28.1,41.2,22.9
51770,45189,87.6,81.2,6.4,3.8,2.7,0.2,1.7,4.1,4.7,32.2,39.2,23.9
51800,43115,94.2,86.1,8.2,0.2,0.7,0.0,0.7,4.2,1.2,17.1,37.6,44.1
51810,243431,90.2,80.6,9.7,1.0,3.3,0.6,1.4,3.5,2.0,18.5,42.2,37.3
53005,83651,93.9,83.9,9.9,0.6,1.5,0.1,0.9,3.0,1.2,15.6,38.7,44.5
53007,N,N,N,N,N,N,N,N,N,1.0,18.5,29.3,51.3
53009,27692,90.5,82.6,7.8,1.4,1.2,0.4,0.7,5.8,3.5,15.3,36.2,45.0
53011,216925,88.0,80.2,7.8,2.0,2.1,0.4,1.1,6.5,1.6,14.9,43.1,40.4
53015,N,N,N,N,N,N,N,N,N,2.6,16.9,32.8,47.6
53021,38583,94.9,74.6,20.3,0.1,1.2,0.0,0.8,2.9,1.5,14.9,34.8,48.7
53025,37136,78.8,67.3,11.5,1.1,5.0,0.0,4.0,11.1,0.9,15.8,45.8,37.5
53027,26924,85.5,77.2,8.3,1.5,1.8,0.2,0.8,10.1,1.7,15.0,37.1,46.2
53029,36557,86.2,73.6,12.6,2.3,3.2,0.3,1.1,6.8,1.7,10.6,47.6,40.2
53033,1147929,71.5,62.5,9.0,13.1,5.6,1.6,1.2,7.1,5.1,24.3,41.1,29.4
53035,122232,78.8,72.3,6.5,9.1,4.1,0.6,1.6,5.9,2.4,16.1,41.0,40.5
53041,28767,91.3,82.2,9.1,0.4,2.7,0.0,0.8,4.7,1.1,15.7,32.3,50.9
53053,397531,88.1,78.2,9.9,3.8,2.3,0.4,1.1,4.2,2.3,18.5,39.2,40.0
53057,53613,89.0,80.2,8.8,1.0,2.2,0.5,1.4,5.8,1.5,13.8,36.5,48.2
53061,396336,87.0,75.3,11.7,4.9,1.7,0.5,1.1,4.9,1.6,14.7,39.6,44.1
53063,227707,87.6,77.4,10.1,2.5,2.8,0.8,1.0,5.4,1.8,18.0,42.3,37.9
53067,122944,87.0,77.7,9.3,2.2,2.3,0.9,1.4,6.3,1.9,17.8,39.5,40.8
53073,103057,84.5,75.7,8.8,3.2,4.6,1.2,1.4,5.0,3.2,15.2,35.6,45.9
53077,104235,92.0,77.0,15.1,0.5,2.0,0.1,1.8,3.5,1.4,15.8,32.4,50.4
54003,N,N,N,N,N,N,N,N,N,2.2,18.7,45.2,33.9
54011,38473,89.7,82.5,7.2,1.2,3.8,0.6,0.1,4.7,6.6,24.9,42.2,26.2
54033,N,N,N,N,N,N,N,N,N,1.8,21.0,43.0,34.2
54039,80430,88.5,82.3,6.2,3.6,3.7,0.1,0.8,3.3,4.2,30.4,39.1,26.3
54061,48937,82.1,72.9,9.2,3.5,6.7,0.7,0.8,6.3,2.8,21.7,49.7,25.8
54081,N,N,N,N,N,N,N,N,N,3.6,24.3,47.6,24.6
54107,35091,92.5,80.9,11.6,1.2,2.6,0.2,0.5,3.0,2.9,23.4,43.7,29.9
55009,136486,91.2,82.9,8.3,0.7,1.8,0.3,1.2,4.7,1.4,19.4,49.4,29.8
55025,301007,81.5,73.6,7.8,4.6,5.3,2.8,0.9,4.9,4.0,22.4,45.5,28.0
55027,45087,92.2,84.5,7.8,0.0,2.5,0.2,0.8,4.2,2.3,14.6,45.0,38.1
55035,54488,87.9,80.6,7.3,0.5,3.9,0.4,1.3,6.0,1.0,18.7,43.4,36.9
55039,52947,91.2,83.0,8.2,0.1,3.6,0.2,0.6,4.3,1.8,14.1,40.5,43.5
55055,43983,90.5,82.4,8.0,0.4,2.5,0.4,0.5,5.8,1.2,13.3,46.4,39.1
55059,83072,94.6,84.0,10.6,1.0,1.3,0.3,0.4,2.5,2.2,16.8,46.4,34.6
55063,61201,87.5,79.3,8.1,0.7,5.4,0.9,1.0,4.5,2.5,16.4,48.7,32.4
55071,40487,91.7,83.8,7.9,0.5,1.9,0.5,0.8,4.6,2.3,14.5,43.6,39.6
55073,69670,91.3,84.0,7.3,0.8,2.2,0.3,0.4,5.0,1.6,14.3,44.9,39.2
55079,452918,85.3,76.0,9.3,5.7,3.7,0.8,0.8,3.7,6.1,27.9,44.4,21.5
55087,98989,91.9,85.1,6.8,0.7,2.6,0.4,0.7,3.6,1.3,16.2,47.8,34.8
55089,N,N,N,N,N,N,N,N,N,0.3,13.4,50.4,35.9
55097,37265,87.9,80.2,7.7,0.2,5.4,2.4,0.5,3.7,2.1,15.8,44.1,38.0
55101,90276,94.0,83.5,10.5,0.8,1.1,0.0,1.0,3.1,2.2,20.6,46.0,31.2
55105,77276,93.5,83.9,9.6,0.6,2.0,0.1,0.9,2.9,1.3,18.5,42.1,38.2
55109,48456,90.8,84.4,6.5,0.3,1.6,0.3,0.6,6.4,1.4,12.5,41.0,45.2
55117,59193,91.8,85.1,6.7,0.5,1.7,0.6,0.8,4.7,1.8,18.0,44.7,35.4
55127,50284,87.9,79.9,8.0,0.8,5.4,0.2,0.6,5.1,2.7,16.4,42.1,38.8
55131,70420,93.6,87.5,6.1,0.8,0.9,0.2,1.0,3.6,1.1,13.2,44.9,40.8
55133,210112,93.4,86.5,6.8,0.5,1.2,0.2,0.5,4.3,0.8,11.8,49.2,38.2
55139,86722,89.8,83.1,6.7,0.8,2.3,0.6,1.4,5.1,1.9,19.6,47.6,30.9
55141,37254,89.8,81.9,8.0,0.1,2.9,1.2,2.0,3.9,1.6,18.7,40.7,39.0
56021,47326,93.5,84.4,9.2,0.1,1.6,0.5,0.5,3.9,2.3,15.2,36.0,46.5
56025,41128,94.1,84.7,9.4,0.3,2.4,0.0,0.3,3.0,0.9,15.6,41.5,42.0
